delta_t,brightness,bright_t31,frp,scan,track,mes,hora,es_noche,latitude,longitude,es_falsa_alarma
32.96999999999997,335.77,302.8,5.37,0.43,0.38,6,11,0,-10.04784,23.99958,0
16.25,306.91,290.66,1.11,0.39,0.36,6,9,1,30.93295,-109.93447,0
31.370000000000005,339.6,308.23,51.59,0.48,0.4,6,12,0,-8.37606,16.65081,0
40.150000000000034,338.49,298.34,5.2,0.41,0.61,6,11,0,-6.96481,22.19907,0
42.910000000000025,338.91,296.0,10.61,0.56,0.68,6,12,0,-11.46752,25.80753,0
35.370000000000005,347.62,312.25,10.19,0.42,0.37,6,12,0,-10.51062,15.69308,0
10.620000000000005,300.91,290.29,1.05,0.39,0.36,6,9,1,30.88712,-109.88577,0
40.44,327.16,286.72,2.38,0.38,0.59,6,11,0,-4.54652,15.90286,0
29.980000000000018,328.98,299.0,6.96,0.7,0.75,6,11,0,-22.04583,43.70075,1
58.150000000000034,334.6,276.45,9.84,0.37,0.58,6,13,0,-3.45494,14.97861,0
37.05000000000001,340.57,303.52,6.94,0.32,0.55,6,12,0,-14.71061,23.23672,0
15.009999999999991,307.0,291.99,2.06,0.47,0.48,6,0,1,-9.53082,25.76342,0
47.06999999999999,348.09,301.02,5.42,0.33,0.55,6,11,0,-7.95256,17.46204,0
48.89999999999998,344.13,295.23,17.89,0.52,0.5,6,10,0,-3.01696,30.48054,0
30.939999999999998,335.0,304.06,2.91,0.38,0.36,6,4,0,-16.01942,135.4005,0
40.31,342.75,302.44,128.51,0.48,0.4,6,19,0,55.99252,-100.91257,0
42.639999999999986,346.81,304.17,5.09,0.43,0.38,6,12,0,-7.34694,15.33985,0
31.649999999999977,333.34,301.69,2.25,0.36,0.57,6,11,0,-7.38809,23.11988,0
52.78000000000003,356.55,303.77,6.05,0.48,0.65,6,11,0,-8.81443,21.56895,0
40.31999999999999,344.04,303.72,12.4,0.36,0.57,6,12,0,-12.3893,23.27552,0
44.99000000000001,341.79,296.8,4.45,0.41,0.45,6,9,1,59.67667,-121.82758,0
30.069999999999993,333.55,303.48,6.59,0.32,0.55,6,10,0,27.71608,52.18182,0
47.06,356.43,309.37,38.97,0.42,0.38,6,11,0,-8.67211,28.3075,0
32.74000000000001,329.44,296.7,2.5,0.65,0.73,6,13,0,-16.99287,22.59455,0
48.25999999999999,351.5,303.24,14.04,0.44,0.62,6,11,0,-12.06764,16.54016,0
47.549999999999955,346.03,298.48,9.44,0.51,0.66,6,10,0,-6.27237,27.02179,0
17.620000000000005,300.15,282.53,1.94,0.57,0.69,6,8,1,59.8161,-121.87585,0
14.039999999999964,301.2,287.16,0.47,0.41,0.37,6,16,1,-15.63998,135.07509,0
45.45999999999998,367.0,321.54,17.18,0.38,0.36,6,10,0,37.09752,40.25017,0
10.229999999999961,297.46,287.23,0.78,0.46,0.63,6,22,1,-9.37591,26.40269,0
43.68000000000001,348.31,304.63,11.72,0.44,0.46,6,12,0,-12.16931,20.02785,0
19.090000000000032,312.6,293.51,1.73,0.45,0.63,6,22,1,-8.57506,26.79343,0
37.379999999999995,339.49,302.11,6.57,0.53,0.67,6,12,0,-10.86806,25.30425,0
51.59000000000003,348.54,296.95,13.81,0.5,0.66,6,12,0,-14.96742,26.18524,0
41.88000000000005,337.47,295.59,5.7,0.45,0.63,6,13,0,-7.92856,17.41787,0
47.420000000000016,344.69,297.27,7.32,0.37,0.58,6,16,0,-12.44607,-58.48011,0
35.420000000000016,340.48,305.06,8.93,0.52,0.5,6,10,0,-18.14156,46.4589,0
39.879999999999995,352.35,312.47,37.46,0.58,0.52,6,11,0,-8.85314,24.78343,0
49.44,346.52,297.08,25.93,0.54,0.51,6,11,0,-7.54136,18.61074,0
53.27000000000004,347.47,294.2,6.8,0.39,0.36,6,10,1,59.28438,-122.01961,0
37.539999999999964,339.52,301.98,3.19,0.32,0.55,6,11,0,-9.09417,17.84652,0
44.410000000000025,343.62,299.21,3.8,0.33,0.55,6,12,0,-6.93377,21.32916,0
36.54000000000002,331.79,295.25,2.13,0.4,0.37,6,19,0,38.03744,-98.00233,0
33.110000000000014,336.31,303.2,4.94,0.5,0.41,6,4,0,-12.83888,130.96649,0
34.05000000000001,342.31,308.26,2.05,0.4,0.37,6,8,0,9.21957,77.89916,0
40.60000000000002,346.98,306.38,5.5,0.4,0.37,6,11,0,-6.8439,27.16877,0
34.22999999999996,332.53,298.3,7.78,0.79,0.78,6,23,1,29.32689,49.49584,0
49.099999999999966,346.45,297.35,99.73,0.38,0.36,6,11,0,-4.48972,24.90454,0
32.06,330.48,298.42,2.7,0.49,0.65,6,12,0,-10.53273,24.68118,0
31.879999999999995,333.07,301.19,3.63,0.45,0.39,6,11,0,-6.83238,22.75544,0
37.45999999999998,334.31,296.85,22.3,0.59,0.7,6,13,0,-9.07096,19.53889,0
34.59000000000003,335.04,300.45,10.65,0.68,0.74,6,12,0,-8.2848,26.21726,0
66.13,367.0,300.87,17.89,0.45,0.63,6,10,0,-5.79598,27.64887,0
39.85000000000002,332.04,292.19,4.97,0.41,0.37,6,10,1,59.51665,-120.86334,0
35.80000000000001,335.8,300.0,6.37,0.39,0.59,6,12,0,-10.55741,23.30248,0
46.870000000000005,343.87,297.0,10.68,0.61,0.71,6,11,0,-11.40752,20.47239,0
36.06,332.46,296.4,4.45,0.49,0.65,6,11,0,47.09789,33.65283,0
33.920000000000016,331.0,297.08,7.94,0.52,0.5,6,11,0,-7.0993,18.73306,0
46.35000000000002,331.61,285.26,39.66,0.4,0.44,6,19,0,57.76525,-98.57777,0
43.19999999999999,342.88,299.68,11.47,0.45,0.47,6,10,0,-6.08384,32.1616,0
27.389999999999986,329.09,301.7,4.32,0.44,0.63,6,12,0,-9.6135,23.87027,1
27.109999999999957,334.53,307.42,2.9,0.39,0.36,6,11,0,-6.70277,26.63257,1
28.939999999999998,310.56,281.62,2.76,0.56,0.52,6,0,1,-9.01136,26.99231,0
65.69999999999999,367.0,301.3,15.06,0.33,0.56,6,13,0,-6.14356,15.06862,0
32.22000000000003,338.55,306.33,5.31,0.33,0.55,6,12,0,-8.01879,21.61007,0
32.96999999999997,340.95,307.98,16.78,0.4,0.37,6,11,0,-6.42608,26.90617,0
65.07,367.0,301.93,5.99,0.36,0.57,6,11,0,-9.14029,23.46688,0
43.26999999999998,353.62,310.35,129.74,0.52,0.5,6,11,0,36.30349,36.1474,0
52.80000000000001,353.24,300.44,11.98,0.42,0.61,6,12,0,-8.64905,23.21799,0
16.319999999999993,302.49,286.17,4.15,0.76,0.77,6,22,1,-16.12146,33.75974,0
29.74000000000001,332.05,302.31,24.57,0.55,0.43,6,12,0,-8.1637,17.69486,1
16.639999999999986,312.38,295.74,3.91,0.44,0.46,6,21,1,25.88253,51.53674,0
44.620000000000005,346.79,302.17,21.5,0.58,0.69,6,11,0,-11.50071,14.66669,0
45.589999999999975,344.13,298.54,7.06,0.54,0.42,6,18,0,20.82411,-77.53471,0
32.81999999999999,337.86,305.04,4.63,0.39,0.36,6,11,0,-6.06106,24.76452,0
29.260000000000048,341.91,312.65,5.63,0.4,0.37,6,8,0,40.89932,72.27441,0
38.910000000000025,339.18,300.27,3.92,0.42,0.61,6,11,0,-17.67881,45.20066,0
31.75,336.0,304.25,2.87,0.41,0.37,6,12,0,-14.58828,16.63036,0
16.519999999999982,297.9,281.38,0.9,0.68,0.74,6,8,1,59.67715,-124.0815,0
17.120000000000005,305.18,288.06,0.61,0.39,0.36,6,16,1,-15.89674,135.86554,0
29.379999999999995,312.7,283.32,5.97,0.42,0.38,6,10,1,59.73366,-121.76484,0
18.099999999999966,308.78,290.68,3.34,0.44,0.63,6,15,1,35.0294,136.88458,0
32.5,333.81,301.31,11.98,0.65,0.73,6,10,0,-8.04373,25.90254,0
35.81,339.3,303.49,4.36,0.39,0.36,6,18,0,34.626,-78.9775,0
33.56,331.19,297.63,2.8,0.39,0.59,6,4,0,-13.53337,131.66489,0
51.0,351.98,300.98,37.97,0.63,0.72,6,10,0,-6.58897,25.74487,0
46.099999999999966,340.89,294.79,5.56,0.33,0.55,6,4,0,-11.20317,132.2933,0
32.10999999999996,328.09,295.98,1.33,0.4,0.37,6,0,1,29.03788,20.78629,0
47.629999999999995,349.93,302.3,8.49,0.63,0.54,6,10,0,-17.12558,44.97984,0
28.909999999999968,329.83,300.92,3.91,0.32,0.55,6,11,0,-8.01472,17.56649,0
52.93000000000001,354.77,301.84,12.82,0.42,0.45,6,12,0,-7.19171,18.45271,0
55.99000000000001,350.6,294.61,26.38,0.63,0.72,6,11,0,-8.05828,19.70218,0
34.25,341.98,307.73,7.33,0.52,0.5,6,12,0,-12.86683,21.30877,0
40.78000000000003,342.24,301.46,5.7,0.4,0.44,6,11,0,-6.35969,26.77122,0
31.53000000000003,330.79,299.26,2.73,0.38,0.36,6,11,0,-6.08555,32.16201,0
33.14000000000004,327.48,294.34,2.69,0.5,0.66,6,13,0,-5.12414,17.41167,0
44.98000000000002,343.43,298.45,7.79,0.42,0.61,6,12,0,-7.05816,22.87256,0
26.05000000000001,313.11,287.06,1.8,0.48,0.65,6,10,1,37.36455,-113.42628,0
41.64999999999998,323.65,282.0,2.81,0.38,0.36,6,5,1,46.47655,-48.476,0
41.06999999999999,325.19,284.12,2.35,0.52,0.5,6,8,1,55.65814,-106.80555,0
36.05000000000001,335.6,299.55,3.58,0.43,0.38,6,11,0,-4.25408,28.95733,0
41.43000000000001,346.0,304.57,15.69,0.45,0.47,6,11,0,-10.72504,26.83475,0
36.55000000000001,326.66,290.11,4.21,0.39,0.36,6,10,1,59.84031,-121.82545,0
48.329999999999984,352.74,304.41,2.89,0.33,0.55,6,11,0,-9.52745,17.83877,0
45.30000000000001,352.89,307.59,68.56,0.61,0.53,6,13,0,-8.50371,15.03074,0
28.639999999999986,337.18,308.54,7.86,0.39,0.36,6,11,0,-6.80649,25.03837,1
56.00999999999999,356.74,300.73,17.02,0.36,0.57,6,11,0,-15.2613,24.74059,0
30.00999999999999,329.52,299.51,2.66,0.4,0.37,6,11,0,-12.44711,28.36827,0
25.66999999999996,330.02,304.35,6.95,0.56,0.52,6,5,0,-18.53353,124.8853,1
32.25999999999999,333.88,301.62,2.66,0.41,0.37,6,4,0,-11.56192,132.82103,0
16.360000000000014,295.32,278.96,1.07,0.4,0.6,6,22,1,-1.41104,29.2175,0
40.839999999999975,332.88,292.04,7.16,0.56,0.69,6,20,0,31.10181,-96.68484,0
33.86999999999995,337.28,303.41,4.4,0.41,0.37,6,11,0,-6.05309,23.79977,0
24.02000000000004,310.72,286.7,1.15,0.39,0.36,6,21,1,60.18111,69.29594,0
32.31,322.99,290.68,2.1,0.4,0.44,6,16,1,-11.55853,130.42989,0
36.829999999999984,327.37,290.54,2.1,0.42,0.38,6,10,1,56.6388,-115.08549,0
46.49000000000001,343.52,297.03,11.25,0.47,0.48,6,3,0,-6.20691,146.15726,0
44.75,349.92,305.17,3.76,0.39,0.44,6,11,0,-7.19812,27.12943,0
18.00999999999999,297.84,279.83,0.91,0.44,0.38,6,10,1,60.32347,-122.47547,0
35.75999999999999,339.15,303.39,5.97,0.54,0.51,6,12,0,-12.66208,21.44439,0
32.0,339.14,307.14,3.89,0.4,0.44,6,11,0,-7.02018,30.87599,0
27.08000000000004,330.17,303.09,2.16,0.44,0.38,6,11,0,-14.59756,31.03246,1
42.870000000000005,329.81,286.94,6.05,0.57,0.69,6,3,0,-14.39824,142.11644,0
32.620000000000005,336.44,303.82,6.5,0.48,0.4,6,11,0,-16.71313,24.36293,0
31.79000000000002,318.23,286.44,11.01,0.55,0.43,6,9,1,59.36532,-120.45308,0
14.400000000000034,307.18,292.78,2.17,0.5,0.41,6,17,1,31.90059,118.60349,0
57.53000000000003,351.37,293.84,7.42,0.38,0.59,6,11,0,59.82705,-121.86803,0
17.460000000000036,304.3,286.84,2.45,0.42,0.61,6,0,1,-8.32709,23.57185,0
45.5,340.08,294.58,3.67,0.56,0.69,6,23,1,35.72338,44.03999,0
41.79000000000002,337.48,295.69,11.5,0.41,0.45,6,1,1,45.14722,9.93979,0
42.03000000000003,345.24,303.21,13.16,0.55,0.43,6,11,0,-8.60841,27.77701,0
43.75,327.58,283.83,5.41,0.41,0.37,6,18,1,62.44455,113.66319,0
28.80000000000001,335.14,306.34,2.97,0.39,0.36,6,11,0,51.66487,14.63604,1
61.50999999999999,352.92,291.41,5.62,0.42,0.61,6,18,0,8.72658,-62.90697,0
28.180000000000007,310.58,282.4,1.85,0.54,0.68,6,20,1,58.96307,73.95855,0
40.14999999999998,348.14,307.99,6.32,0.39,0.36,6,11,0,-8.85178,26.47029,0
49.15999999999997,352.39,303.23,11.95,0.54,0.5,6,13,0,-10.65432,14.74761,0
47.339999999999975,353.46,306.12,11.98,0.38,0.36,6,11,0,-10.56196,26.46621,0
17.089999999999975,303.33,286.24,1.18,0.39,0.36,6,16,1,-17.80727,137.55278,0
39.44999999999999,339.4,299.95,4.85,0.39,0.36,6,11,0,-12.04532,27.52547,0
29.28000000000003,337.23,307.95,1.31,0.39,0.36,6,16,0,-6.88845,-43.72517,1
16.670000000000016,307.0,290.33,0.97,0.41,0.37,6,23,1,-6.77621,26.63591,0
32.210000000000036,335.05,302.84,3.1,0.46,0.39,6,11,0,-7.43878,29.00746,0
31.850000000000023,334.72,302.87,8.4,0.54,0.51,6,11,0,-7.53341,18.63413,0
29.920000000000016,324.87,294.95,2.2,0.41,0.37,6,23,1,31.00867,29.83231,0
32.170000000000016,336.45,304.28,4.78,0.46,0.39,6,12,0,-12.37473,17.25337,0
25.529999999999973,329.78,304.25,12.21,0.45,0.47,6,11,0,-10.75172,26.80671,1
29.49000000000001,319.66,290.17,4.05,0.59,0.7,6,23,1,33.99615,49.46861,0
33.579999999999984,355.83,322.25,8.49,0.41,0.37,6,11,0,24.6103,32.78512,1
39.81,347.11,307.3,9.93,0.39,0.36,6,11,0,-5.38955,26.01368,0
28.399999999999977,314.27,285.87,2.38,0.52,0.67,6,4,1,9.64123,-63.56468,0
29.910000000000025,314.12,284.21,0.61,0.32,0.55,6,0,1,-8.4738,21.80763,0
46.19,340.77,294.58,3.27,0.35,0.57,6,10,0,-9.74339,30.01521,0
43.31999999999999,342.74,299.42,5.7,0.45,0.39,6,11,0,-9.56326,29.07021,0
61.94,367.0,305.06,30.75,0.45,0.47,6,12,0,-9.19133,19.36865,0
36.81,340.04,303.23,14.77,0.38,0.36,6,11,0,-10.84403,32.77494,0
36.19,334.59,298.4,9.15,0.56,0.69,6,13,0,-16.97769,21.47584,0
37.03000000000003,338.35,301.32,5.86,0.43,0.62,6,13,0,-7.09181,16.97404,0
16.20999999999998,301.08,284.87,0.6,0.36,0.57,6,8,1,29.75338,-93.87952,0
14.989999999999952,307.59,292.6,1.06,0.42,0.38,6,23,1,-8.96517,26.63962,0
33.839999999999975,342.06,308.22,8.51,0.56,0.69,6,11,0,35.68115,36.02601,0
30.41999999999996,330.34,299.92,2.48,0.43,0.38,6,11,0,-11.7582,29.224,0
44.27999999999997,345.03,300.75,3.21,0.42,0.61,6,10,0,-5.86594,28.14701,0
30.810000000000002,335.86,305.05,5.0,0.4,0.44,6,11,0,-7.24773,26.98347,0
65.36000000000001,367.0,301.64,5.99,0.45,0.63,6,11,0,-16.4969,23.50209,0
32.349999999999966,328.08,295.73,3.7,0.43,0.62,6,12,0,-6.1239,22.7475,0
32.910000000000025,334.36,301.45,3.91,0.57,0.52,6,13,0,-13.01514,15.80142,0
16.04000000000002,314.38,298.34,12.44,0.58,0.7,6,23,1,30.86267,47.93207,0
10.979999999999961,302.58,291.6,0.93,0.36,0.57,6,7,1,44.76238,-93.04182,0
26.680000000000007,327.58,300.9,2.76,0.33,0.55,6,11,0,-10.32887,24.32837,1
39.40999999999997,348.03,308.62,4.85,0.4,0.37,6,12,0,-10.76421,15.20354,0
41.25999999999999,339.83,298.57,14.13,0.63,0.72,6,13,0,-12.40978,20.92459,0
45.56,347.95,302.39,8.02,0.4,0.37,6,11,0,-4.7709,26.55258,0
42.25,344.82,302.57,7.21,0.44,0.46,6,11,0,-15.95718,21.66954,0
20.69999999999999,302.06,281.36,1.36,0.56,0.52,6,0,1,-9.04272,26.99783,0
37.83000000000004,345.61,307.78,20.11,0.44,0.38,6,12,0,-8.47254,15.8528,0
45.48000000000002,342.55,297.07,6.7,0.57,0.69,6,11,0,-12.68637,21.23535,0
10.769999999999982,303.59,292.82,0.67,0.4,0.37,6,1,1,47.03319,7.02957,0
39.73000000000002,332.16,292.43,4.09,0.43,0.46,6,11,0,-25.3452,30.14375,0
36.47999999999996,332.7,296.22,1.68,0.38,0.36,6,11,0,-7.02741,32.00963,0
29.629999999999995,330.73,301.1,8.55,0.62,0.71,6,12,0,-8.56233,25.71821,1
57.54000000000002,354.31,296.77,12.94,0.69,0.74,6,10,0,-10.33091,25.96778,0
47.610000000000014,353.44,305.83,27.11,0.56,0.43,6,12,0,-9.39416,18.14519,0
39.95999999999998,345.39,305.43,13.96,0.61,0.54,6,13,0,-10.62351,15.62968,0
79.0,367.0,288.0,24.64,0.61,0.71,6,22,1,46.42641,34.07225,0
56.85999999999996,355.53,298.67,14.54,0.45,0.63,6,10,0,-8.31801,28.24172,0
34.610000000000014,332.45,297.84,13.34,0.39,0.36,6,4,0,-11.7989,133.71782,0
32.39999999999998,331.27,298.87,3.13,0.44,0.62,6,11,0,-11.82773,22.72636,0
35.47000000000003,340.41,304.94,32.83,0.54,0.42,6,11,0,-11.00356,22.0491,0
11.550000000000011,303.19,291.64,0.88,0.38,0.36,6,9,1,30.9221,-110.01466,0
49.74000000000001,351.01,301.27,170.26,0.45,0.39,6,11,0,-6.40621,28.32283,0
42.68000000000001,327.8,285.12,4.8,0.49,0.4,6,18,0,-31.31907,-59.1968,0
21.239999999999952,309.09,287.85,1.34,0.47,0.4,6,23,1,41.17367,32.63446,0
42.48999999999995,337.34,294.85,12.32,0.56,0.69,6,13,0,-7.5245,18.75415,0
25.74000000000001,333.49,307.75,12.47,0.53,0.5,6,12,0,-11.51901,21.07803,1
21.72999999999996,318.02,296.29,3.12,0.5,0.41,6,17,1,31.74097,118.48837,0
32.10999999999996,338.46,306.35,3.53,0.4,0.37,6,12,0,-10.79083,15.29743,0
16.77000000000004,297.55,280.78,0.7,0.4,0.37,6,22,1,-18.45687,46.25714,0
31.210000000000036,333.98,302.77,6.01,0.76,0.77,6,9,0,-20.82509,45.96767,0
39.93000000000001,325.66,285.73,2.98,0.56,0.69,6,3,0,-14.41303,142.25789,0
33.74000000000001,336.13,302.39,4.87,0.45,0.39,6,11,0,-7.60466,28.61803,0
11.729999999999961,301.28,289.55,1.83,0.49,0.65,6,22,1,-6.38877,26.77423,0
26.129999999999995,330.59,304.46,2.86,0.46,0.39,6,11,0,-6.00334,28.58816,0
32.83000000000004,338.35,305.52,3.73,0.4,0.37,6,11,0,-5.94356,26.99259,0
35.68000000000001,334.64,298.96,4.71,0.42,0.61,6,18,0,-9.23727,-58.73328,0
28.109999999999957,333.46,305.35,2.55,0.41,0.37,6,11,0,-5.5935,26.98606,1
14.509999999999991,301.83,287.32,1.22,0.47,0.48,6,16,1,-12.82645,131.3325,0
32.76999999999998,334.49,301.72,23.24,0.4,0.44,6,11,0,-9.29205,27.34869,0
45.25,346.81,301.56,5.2,0.43,0.62,6,11,0,-12.53753,16.64923,0
54.920000000000016,340.0,285.08,3.29,0.41,0.61,6,10,1,39.96033,-120.03188,0
51.93000000000001,355.61,303.68,27.84,0.38,0.36,6,10,0,-12.05346,39.26443,0
35.83000000000004,333.54,297.71,5.39,0.53,0.67,6,10,0,-6.40725,26.76319,0
36.75,341.8,305.05,3.82,0.4,0.37,6,11,0,-6.5427,26.98739,0
43.06,340.81,297.75,6.11,0.52,0.42,6,4,0,-11.22104,132.33376,0
34.44,346.04,311.6,16.1,0.4,0.37,6,11,0,-7.44225,30.87283,0
31.480000000000018,334.88,303.4,18.3,0.43,0.38,6,11,0,-11.33285,24.29532,0
37.129999999999995,336.03,298.9,5.2,0.56,0.43,6,4,0,-11.84152,133.08746,0
37.670000000000016,341.91,304.24,2.53,0.39,0.44,6,11,0,-6.88592,27.02531,0
26.29000000000002,331.54,305.25,3.82,0.39,0.36,6,12,0,-11.40159,14.45493,1
19.850000000000023,313.85,294.0,1.79,0.41,0.37,6,23,1,-7.61237,26.32537,0
25.55000000000001,330.37,304.82,6.12,0.52,0.42,6,11,0,-7.22163,27.91561,1
65.72000000000003,367.0,301.28,19.07,0.69,0.74,6,10,0,-10.70037,25.98302,0
13.79000000000002,302.94,289.15,1.31,0.67,0.73,6,0,1,43.15165,2.89927,0
26.980000000000018,333.49,306.51,4.78,0.46,0.39,6,12,0,-9.31013,16.48653,1
35.44999999999999,334.68,299.23,3.58,0.4,0.37,6,4,0,61.51214,114.30756,0
41.25999999999999,340.12,298.86,6.84,0.4,0.37,6,5,0,31.77328,115.9943,1
61.829999999999984,367.0,305.17,17.05,0.41,0.61,6,11,0,-8.34261,22.43933,0
34.889999999999986,334.12,299.23,1.91,0.33,0.55,6,11,0,-5.95545,23.40765,0
40.91999999999996,330.4,289.48,10.98,0.76,0.77,6,11,0,-6.06447,18.04375,0
38.65999999999997,339.64,300.98,14.44,0.48,0.64,6,10,0,-6.88478,27.57891,0
36.629999999999995,345.38,308.75,8.19,0.39,0.36,6,11,0,-6.81669,26.55311,0
27.850000000000023,332.44,304.59,4.5,0.32,0.55,6,11,0,-8.91533,24.16709,0
32.079999999999984,331.08,299.0,5.19,0.43,0.38,6,11,0,-12.37459,24.35713,0
36.25,340.86,304.61,2.92,0.39,0.36,6,4,0,-18.59536,130.99612,0
50.02999999999997,353.65,303.62,6.48,0.44,0.38,6,4,0,-14.46472,126.19825,0
33.73000000000002,341.54,307.81,7.47,0.39,0.44,6,10,0,-18.70178,46.16599,0
32.72999999999996,331.4,298.67,3.33,0.52,0.5,6,11,0,-6.26035,32.36898,0
34.170000000000016,341.45,307.28,4.14,0.49,0.4,6,11,0,-9.33543,22.59951,0
33.870000000000005,322.38,288.51,2.35,0.55,0.51,6,20,1,63.46958,76.77287,0
37.18000000000001,338.76,301.58,3.91,0.6,0.53,6,10,0,-18.64142,45.54427,0
43.75999999999999,325.98,282.22,2.13,0.4,0.45,6,16,1,-18.47491,130.86008,0
39.92999999999995,338.09,298.16,14.2,0.54,0.51,6,11,0,-6.86228,18.44579,0
60.379999999999995,367.0,306.62,21.53,0.32,0.54,6,11,0,-7.68882,23.95939,0
37.73000000000002,367.0,329.27,11.74,0.47,0.48,6,9,0,30.88204,47.32437,1
51.00999999999999,352.21,301.2,9.14,0.36,0.57,6,12,0,-10.33796,22.68537,0
30.680000000000007,334.41,303.73,4.39,0.39,0.36,6,11,0,-5.54798,26.3077,0
41.410000000000025,346.48,305.07,27.01,0.57,0.43,6,11,0,42.37059,19.16476,0
53.61999999999995,350.28,296.66,7.52,0.41,0.45,6,11,0,-6.88867,20.26565,0
37.69,332.25,294.56,1.34,0.54,0.42,6,8,0,29.89262,72.64327,0
25.909999999999968,330.4,304.49,1.79,0.51,0.41,6,10,0,-18.50054,45.16244,1
49.47000000000003,351.06,301.59,10.82,0.48,0.48,6,11,0,-12.24275,26.69834,0
38.95999999999998,336.38,297.42,4.72,0.42,0.45,6,11,0,-10.88714,27.34381,0
32.920000000000016,331.85,298.93,9.85,0.54,0.68,6,12,0,-10.89718,25.48276,0
25.099999999999966,333.46,308.36,1.0,0.39,0.36,6,11,0,-10.6048,26.09342,0
28.44999999999999,331.33,302.88,4.22,0.4,0.44,6,11,0,-15.8919,22.34831,1
22.200000000000045,311.85,289.65,2.0,0.54,0.51,6,17,1,-15.79028,125.4326,0
29.05000000000001,341.61,312.56,65.19,0.43,0.38,6,12,0,-9.37754,15.95251,0
31.20999999999998,316.68,285.47,2.2,0.49,0.41,6,5,1,-16.24963,-60.54874,0
52.879999999999995,353.92,301.04,22.02,0.35,0.57,6,12,0,-10.04221,22.47028,0
27.79000000000002,330.74,302.95,2.18,0.39,0.36,6,11,0,-9.31721,26.93173,1
6.7099999999999795,367.0,360.29,186.87,0.48,0.4,6,12,0,-8.37676,16.64651,1
27.829999999999984,334.18,306.35,9.84,0.52,0.42,6,11,0,-11.73307,22.49862,1
35.75999999999999,341.64,305.88,4.31,0.43,0.46,6,16,0,-19.43647,-41.49833,0
27.79000000000002,333.57,305.78,5.21,0.38,0.36,6,11,0,-12.23675,26.69358,1
36.339999999999975,337.21,300.87,4.41,0.43,0.38,6,11,0,-5.58083,27.72376,0
18.319999999999993,311.19,292.87,1.91,0.55,0.51,6,22,1,35.82321,45.47931,0
45.40999999999997,350.7,305.29,4.55,0.42,0.38,6,4,0,-12.55746,130.73471,0
30.149999999999977,334.81,304.66,3.93,0.42,0.38,6,11,0,-7.02634,27.77077,0
10.810000000000002,309.43,298.62,1.94,0.43,0.38,6,0,1,37.21076,15.16972,0
27.590000000000032,336.3,308.71,6.99,0.53,0.42,6,11,0,-8.01651,21.61156,0
33.85999999999996,336.96,303.1,6.67,0.49,0.65,6,12,0,-11.4861,25.07514,0
32.68000000000001,332.48,299.8,3.42,0.53,0.67,6,12,0,-7.44299,24.39477,0
42.68000000000001,346.29,303.61,63.01,0.36,0.57,6,10,0,38.93477,27.94175,0
24.810000000000002,313.37,288.56,3.89,0.73,0.76,6,0,1,-7.89919,27.26489,0
31.629999999999995,332.26,300.63,2.83,0.43,0.38,6,11,0,-8.13306,28.28127,0
48.50999999999999,348.74,300.23,16.55,0.61,0.53,6,10,0,-10.643,31.14658,0
50.48000000000002,350.67,300.19,8.62,0.41,0.37,6,11,0,-4.32917,26.89685,0
30.180000000000007,330.82,300.64,1.76,0.4,0.37,6,11,0,-8.12106,33.89979,0
27.319999999999993,367.0,339.68,41.21,0.39,0.36,6,9,0,30.86395,47.9222,1
36.20999999999998,333.78,297.57,51.62,0.46,0.39,6,20,0,55.28743,-107.52545,0
29.079999999999984,336.07,306.99,4.55,0.51,0.41,6,12,0,-9.44225,17.42331,1
33.829999999999984,327.13,293.3,8.2,0.38,0.59,6,22,1,38.04725,67.26836,0
21.80000000000001,323.8,302.0,12.76,0.48,0.65,6,23,1,32.48714,47.21224,0
40.26999999999998,334.87,294.6,20.42,0.55,0.51,6,4,0,-12.83426,133.69847,0
31.899999999999977,331.33,299.43,5.77,0.77,0.77,6,12,0,-8.71938,27.10342,0
37.79000000000002,343.07,305.28,2.95,0.39,0.36,6,4,0,-18.63045,131.0137,0
40.620000000000005,345.46,304.84,5.93,0.38,0.36,6,11,0,-9.1144,26.19449,0
37.79000000000002,329.18,291.39,3.31,0.42,0.61,6,10,0,-28.64936,32.23763,0
47.660000000000025,344.55,296.89,8.11,0.54,0.68,6,12,0,-11.08306,25.53601,0
32.06,314.11,282.05,1.73,0.39,0.36,6,10,1,60.21082,-121.94469,0
12.490000000000009,301.1,288.61,0.93,0.44,0.38,6,16,1,-15.21944,134.47809,0
70.41000000000003,367.0,296.59,11.02,0.36,0.58,6,12,0,-6.38155,21.76802,0
35.860000000000014,328.17,292.31,24.91,0.62,0.72,6,12,0,-14.28891,27.41119,0
48.379999999999995,335.33,286.95,6.01,0.34,0.56,6,4,0,-16.75591,144.93208,0
60.72000000000003,367.0,306.28,11.22,0.47,0.64,6,12,0,-11.05871,24.66602,0
18.839999999999975,302.46,283.62,1.54,0.66,0.73,6,0,1,-9.80413,26.22968,0
40.04000000000002,335.43,295.39,3.48,0.46,0.47,6,11,0,-27.6431,30.18081,0
31.129999999999995,333.87,302.74,4.0,0.44,0.46,6,11,0,-16.94357,21.85838,0
45.629999999999995,335.94,290.31,2.86,0.4,0.6,6,8,0,67.83955,80.22145,0
35.660000000000025,337.73,302.07,4.71,0.42,0.45,6,12,0,-7.47963,18.46174,0
15.159999999999968,299.96,284.8,0.66,0.53,0.67,6,17,1,-13.632,130.29297,0
28.430000000000007,333.44,305.01,5.02,0.39,0.36,6,16,0,-6.86484,-44.81328,1
39.910000000000025,347.68,307.77,19.24,0.5,0.49,6,11,0,-8.21844,19.2954,0
31.55000000000001,315.18,283.63,1.67,0.44,0.46,6,9,1,59.76188,-122.74238,0
47.48000000000002,346.12,298.64,7.48,0.53,0.42,6,4,0,-12.07441,132.73355,0
13.0,298.73,285.73,8.1,0.54,0.68,6,22,1,-7.10321,25.95452,0
48.579999999999984,334.5,285.92,3.37,0.43,0.38,6,8,1,55.52657,-105.40139,0
64.22000000000003,367.0,302.78,22.84,0.37,0.58,6,22,0,66.32784,-130.16557,0
31.659999999999968,334.78,303.12,13.11,0.44,0.38,6,10,0,-3.25271,34.7385,0
40.889999999999986,346.63,305.74,7.93,0.39,0.36,6,22,1,30.21002,47.39315,0
38.35000000000002,325.91,287.56,6.63,0.49,0.48,6,11,0,59.71186,-122.73878,0
30.120000000000005,328.88,298.76,5.9,0.64,0.54,6,11,0,-13.72778,25.19968,0
35.5,335.37,299.87,4.13,0.48,0.4,6,11,0,-6.8966,29.04641,0
31.210000000000036,333.42,302.21,8.59,0.67,0.74,6,12,0,-9.47752,26.47106,0
27.819999999999993,328.11,300.29,5.0,0.45,0.63,6,11,0,-11.72712,22.49232,1
35.31999999999999,334.59,299.27,3.78,0.39,0.59,6,12,0,-15.33903,24.59267,0
41.84000000000003,342.12,300.28,7.14,0.43,0.38,6,11,0,-4.3302,29.00444,0
28.70999999999998,331.44,302.73,4.4,0.42,0.38,6,11,0,-8.84032,28.29052,0
43.589999999999975,335.56,291.97,4.66,0.47,0.64,6,8,1,30.87797,-109.87496,0
15.520000000000039,305.42,289.9,1.21,0.43,0.38,6,0,1,50.49236,19.45753,0
37.329999999999984,335.03,297.7,6.7,0.55,0.43,6,11,0,-13.57521,31.87014,0
48.65999999999997,352.2,303.54,4.34,0.34,0.56,6,13,0,-9.31498,15.93268,0
27.779999999999973,329.08,301.3,4.7,0.75,0.77,6,9,0,-21.01194,46.04425,1
46.69999999999999,347.84,301.14,6.89,0.45,0.63,6,11,0,-12.20689,22.69858,0
29.28000000000003,333.05,303.77,5.13,0.35,0.57,6,12,0,-10.06912,22.49825,1
27.439999999999998,313.3,285.86,2.94,0.62,0.72,6,17,1,36.56685,109.10796,0
50.64000000000004,356.47,305.83,83.26,0.49,0.49,6,11,0,-6.99083,19.08702,0
35.210000000000036,341.47,306.26,14.77,0.59,0.53,6,5,0,-16.77574,124.72658,0
38.52999999999997,328.69,290.16,3.42,0.59,0.53,6,9,0,-23.33377,46.59761,0
17.50999999999999,306.95,289.44,2.32,0.46,0.64,6,8,1,35.58836,-109.14353,0
32.34000000000003,331.97,299.63,18.54,0.47,0.48,6,12,0,-7.44864,19.22774,0
36.69,338.51,301.82,5.36,0.37,0.58,6,11,0,-16.17775,18.33293,0
62.51999999999998,367.0,304.48,8.83,0.37,0.58,6,11,0,-10.109,23.52283,0
18.410000000000025,301.6,283.19,1.05,0.41,0.37,6,10,1,59.35926,-120.44315,0
31.420000000000016,336.5,305.08,4.3,0.43,0.46,6,11,0,-8.01131,26.62502,0
64.95999999999998,367.0,302.04,60.1,0.37,0.58,6,18,0,55.52596,-105.39247,0
51.789999999999964,343.34,291.55,17.55,0.63,0.72,6,11,0,-6.97281,19.38946,0
41.0,342.9,301.9,4.32,0.33,0.55,6,11,0,-10.51565,24.30783,0
45.889999999999986,348.4,302.51,37.16,0.61,0.71,6,10,0,-10.73006,26.83925,0
36.28000000000003,327.1,290.82,6.4,0.57,0.43,6,9,1,59.5134,-120.84164,0
50.139999999999986,367.0,316.86,8.91,0.42,0.61,6,9,0,37.10283,40.25309,0
66.82,367.0,300.18,23.43,0.64,0.72,6,12,0,-7.29414,25.58945,0
32.69999999999999,341.0,308.3,7.97,0.45,0.39,6,12,0,-11.49184,16.89963,0
44.639999999999986,345.56,300.92,22.98,0.51,0.41,6,12,0,-6.33788,16.64009,0
50.35000000000002,351.24,300.89,15.93,0.5,0.66,6,11,0,-7.5921,21.05517,0
41.0,346.52,305.52,7.92,0.52,0.67,6,11,0,-10.46494,15.05589,0
35.23000000000002,336.01,300.78,2.69,0.38,0.36,6,12,0,-12.95839,14.58714,0
30.600000000000023,332.86,302.26,7.37,0.51,0.41,6,11,0,-7.42803,21.75667,0
33.19,316.03,282.84,2.71,0.72,0.76,6,0,1,-8.96629,26.92681,0
32.74000000000001,335.14,302.4,6.67,0.39,0.36,6,11,0,-10.33233,25.96694,0
44.01999999999998,344.34,300.32,12.3,0.53,0.67,6,11,0,-13.00982,21.76115,0
57.50999999999999,356.2,298.69,9.33,0.41,0.45,6,4,0,-11.92833,133.74088,0
53.19,367.0,313.81,12.61,0.42,0.38,6,9,0,29.62136,52.47454,0
40.39999999999998,334.34,293.94,2.22,0.41,0.45,6,8,0,30.39191,73.61588,0
29.639999999999986,330.94,301.3,3.33,0.39,0.36,6,11,0,-12.49814,25.85563,1
52.45999999999998,343.39,290.93,4.78,0.44,0.46,6,9,1,59.32694,-122.7439,0
30.20999999999998,330.26,300.05,3.46,0.39,0.36,6,4,0,-11.83407,133.7122,0
10.560000000000002,296.56,286.0,0.56,0.48,0.65,6,0,1,-7.15563,24.63454,0
33.31999999999999,333.26,299.94,7.63,0.42,0.45,6,11,0,-12.60795,21.34104,0
29.590000000000032,331.35,301.76,5.14,0.43,0.38,6,11,0,-5.96566,23.07231,0
45.129999999999995,336.58,291.45,8.75,0.44,0.62,6,17,0,-10.54833,-52.0418,0
43.06,351.51,308.45,41.08,0.51,0.41,6,11,0,-10.09629,22.42561,0
41.76999999999998,346.34,304.57,7.85,0.56,0.43,6,11,0,-7.6,21.05282,0
52.940000000000055,354.72,301.78,8.75,0.38,0.36,6,20,0,59.93835,-122.01155,0
26.80000000000001,334.08,307.28,4.68,0.57,0.43,6,11,0,-8.9761,27.6251,0
43.51999999999998,341.87,298.35,9.33,0.46,0.63,6,12,0,-13.12116,25.04882,0
32.54000000000002,340.18,307.64,4.07,0.39,0.36,6,11,0,-9.10755,25.70101,0
29.0,332.46,303.46,2.76,0.39,0.36,6,11,0,-4.89516,30.6766,1
28.370000000000005,334.44,306.07,3.91,0.54,0.42,6,10,0,-17.89139,45.37019,1
32.96999999999997,341.95,308.98,6.28,0.49,0.49,6,10,0,38.61288,31.17226,0
24.319999999999993,309.69,285.37,1.17,0.42,0.61,6,0,1,-8.0152,23.58089,0
55.55000000000001,346.5,290.95,4.0,0.39,0.59,6,13,0,-5.48489,15.89319,0
54.360000000000014,356.29,301.93,5.31,0.32,0.55,6,11,0,-8.89857,24.13756,0
44.52000000000004,351.61,307.09,10.45,0.52,0.42,6,11,0,-11.7299,22.49328,0
49.0,350.63,301.63,9.2,0.45,0.63,6,21,1,30.82685,47.33042,0
12.28000000000003,310.22,297.94,2.32,0.57,0.43,6,21,1,27.48921,52.97633,0
34.460000000000036,332.49,298.03,2.5,0.38,0.44,6,4,0,-12.00955,133.30136,0
23.069999999999993,303.68,280.61,1.49,0.56,0.51,6,17,1,-15.56799,125.71758,0
33.77999999999997,335.63,301.85,5.47,0.41,0.37,6,12,0,-10.55357,15.44398,0
32.19,332.92,300.73,2.41,0.39,0.36,6,11,0,53.91042,13.22387,0
40.549999999999955,345.15,304.6,9.96,0.41,0.45,6,11,0,-6.73448,26.63387,0
69.06,367.0,297.94,8.54,0.32,0.55,6,11,0,-7.26567,17.48386,0
47.599999999999966,339.39,291.79,5.54,0.42,0.45,6,11,0,-26.69351,30.56445,0
37.22999999999996,335.15,297.92,4.04,0.4,0.44,6,19,0,34.62764,-92.49088,0
48.15999999999997,352.96,304.8,18.7,0.42,0.61,6,11,0,41.82645,12.287,0
12.480000000000018,309.56,297.08,1.86,0.5,0.41,6,22,1,25.17438,49.31825,0
54.19999999999999,356.5,302.3,9.51,0.53,0.67,6,4,0,-18.00583,124.11805,0
53.85000000000002,349.43,295.58,17.71,0.54,0.51,6,18,0,55.29205,-107.4296,0
48.210000000000036,351.16,302.95,8.69,0.47,0.64,6,11,0,-9.6632,15.63784,0
23.80000000000001,321.69,297.89,1.61,0.39,0.36,6,1,1,35.70888,4.47481,0
25.579999999999984,329.69,304.11,4.02,0.45,0.47,6,11,0,-10.86757,26.84336,1
16.80000000000001,299.88,283.08,1.04,0.43,0.38,6,10,1,59.44767,-122.54552,0
48.45999999999998,336.51,288.05,16.3,0.78,0.78,6,10,0,-31.08414,28.18709,0
48.450000000000045,352.48,304.03,15.34,0.49,0.49,6,13,0,-7.78821,13.51013,0
40.44999999999999,341.49,301.04,4.32,0.42,0.61,6,13,0,-9.78521,17.4416,0
51.85000000000002,351.55,299.7,10.92,0.4,0.6,6,10,0,-8.20406,29.01063,0
47.52999999999997,338.01,290.48,6.9,0.49,0.65,6,8,1,55.27686,-107.41988,0
12.079999999999984,307.24,295.16,1.8,0.55,0.42,6,1,1,33.87436,9.99101,0
35.650000000000034,340.18,304.53,50.63,0.6,0.53,6,15,0,-17.63787,-43.56493,0
36.129999999999995,326.8,290.67,3.31,0.51,0.41,6,16,1,-11.78567,133.8663,0
38.24000000000001,340.35,302.11,4.79,0.54,0.51,6,11,0,-6.8864,24.87684,0
45.53000000000003,347.23,301.7,55.32,0.54,0.51,6,4,0,-12.09719,133.64211,0
18.019999999999982,302.0,283.98,1.18,0.7,0.75,6,22,1,-5.8064,30.85325,0
11.139999999999986,307.62,296.48,3.88,0.7,0.75,6,0,1,29.02032,31.19995,0
28.730000000000018,331.67,302.94,10.62,0.52,0.41,6,12,0,-10.09714,17.71583,1
32.920000000000016,332.35,299.43,6.29,0.53,0.67,6,11,0,-10.14999,14.98027,0
68.57999999999998,367.0,298.42,52.59,0.42,0.61,6,18,0,-9.24583,-58.74797,0
26.680000000000007,330.64,303.96,3.2,0.41,0.37,6,11,0,-7.65032,27.45792,1
18.599999999999966,300.09,281.49,1.89,0.45,0.39,6,10,1,60.19013,-122.77191,0
13.430000000000007,296.7,283.27,0.55,0.42,0.38,6,10,1,59.66161,-121.71191,0
38.27000000000004,333.42,295.15,8.09,0.43,0.62,6,10,0,-8.6926,28.61495,0
40.589999999999975,344.63,304.04,3.75,0.39,0.36,6,11,0,-11.52941,27.37187,0
45.80000000000001,355.06,309.26,59.82,0.58,0.52,6,13,0,-10.77539,15.35853,0
31.239999999999952,329.96,298.72,8.76,0.61,0.53,6,11,0,-11.30721,24.97605,0
23.44999999999999,300.88,277.43,0.67,0.54,0.68,6,17,1,29.80979,115.57907,0
25.00999999999999,330.99,305.98,3.7,0.42,0.45,6,11,0,-8.73545,20.54424,1
30.28000000000003,335.68,305.4,16.67,0.56,0.52,6,21,1,30.39632,50.61214,0
25.100000000000023,323.05,297.95,4.31,0.59,0.7,6,21,1,32.48899,45.66129,0
53.25,341.81,288.56,8.4,0.57,0.52,6,11,0,-6.38246,33.05643,0
73.57999999999998,367.0,293.42,9.92,0.51,0.66,6,18,0,60.16434,-122.79901,0
55.68000000000001,367.0,311.32,10.15,0.39,0.36,6,11,0,-6.77839,31.44627,0
48.75,343.43,294.68,20.34,0.4,0.37,6,10,0,-4.00355,35.96864,0
37.099999999999966,328.08,290.98,8.72,0.56,0.69,6,7,0,1.45817,98.80077,0
36.10999999999996,327.02,290.91,5.95,0.39,0.59,6,4,0,-11.56131,131.27286,0
43.079999999999984,343.15,300.07,4.6,0.39,0.6,6,4,0,-15.75899,132.01486,0
36.539999999999964,342.39,305.85,2.59,0.43,0.38,6,4,0,-14.27481,126.28996,0
34.5,339.36,304.86,4.53,0.38,0.36,6,11,0,-7.82304,32.50977,0
26.97999999999996,332.08,305.1,6.35,0.52,0.5,6,12,0,-12.88502,21.31223,1
35.98999999999995,341.78,305.79,12.98,0.38,0.36,6,11,0,-10.56421,26.47372,0
36.660000000000025,322.19,285.53,6.36,0.39,0.36,6,10,1,59.88172,-122.10271,0
33.799999999999955,332.96,299.16,3.42,0.56,0.43,6,11,0,-8.02288,27.55379,0
16.620000000000005,301.93,285.31,1.45,0.43,0.38,6,10,1,59.36712,-122.56541,0
31.069999999999993,331.26,300.19,2.92,0.33,0.56,6,12,0,-7.13646,21.43745,0
19.379999999999995,302.14,282.76,1.44,0.61,0.71,6,8,1,59.39365,-122.74107,0
30.310000000000002,334.22,303.91,3.95,0.51,0.49,6,11,0,-9.06953,25.72073,0
40.650000000000034,332.98,292.33,31.24,0.43,0.62,6,10,0,-6.57437,28.1993,0
48.920000000000016,347.72,298.8,8.92,0.51,0.66,6,12,0,-9.28849,24.64631,0
31.05000000000001,331.85,300.8,5.12,0.57,0.52,6,12,0,-8.60933,20.81329,0
13.839999999999975,307.19,293.35,1.72,0.52,0.5,6,17,1,33.26778,131.64032,0
41.460000000000036,340.79,299.33,21.13,0.6,0.53,6,11,0,-8.89073,18.22505,0
19.639999999999986,303.82,284.18,2.68,0.44,0.38,6,23,1,-8.75786,26.98833,0
27.560000000000002,327.77,300.21,6.46,0.62,0.54,6,15,0,-21.16941,-43.03945,0
49.29000000000002,352.43,303.14,42.86,0.61,0.54,6,12,0,-16.69175,23.43589,0
20.94999999999999,305.03,284.08,1.41,0.58,0.52,6,10,1,55.9592,-105.17499,0
28.0,308.8,280.8,1.83,0.65,0.73,6,17,1,-18.48705,130.87433,0
47.22000000000003,349.97,302.75,8.56,0.39,0.36,6,11,0,-10.49288,27.00762,0
51.39000000000004,354.48,303.09,8.46,0.63,0.72,6,6,0,-17.9755,124.14027,0
12.480000000000018,299.32,286.84,0.93,0.71,0.75,6,22,1,-7.30045,24.12855,0
52.379999999999995,351.18,298.8,6.73,0.43,0.62,6,12,0,-6.63671,22.82753,0
47.99000000000001,338.04,290.05,5.28,0.5,0.66,6,20,0,56.33329,-100.32741,0
50.45999999999998,355.59,305.13,10.43,0.42,0.61,6,12,0,-8.41855,23.26551,0
29.810000000000002,331.34,301.53,2.91,0.45,0.39,6,11,0,-7.01816,22.67394,0
16.25,300.76,284.51,0.61,0.47,0.47,6,1,1,57.4607,-3.5713,0
43.44,347.6,304.16,11.29,0.65,0.73,6,11,0,-13.75949,14.31233,0
38.650000000000034,342.6,303.95,8.24,0.56,0.43,6,11,0,-6.5606,27.21945,0
51.339999999999975,345.64,294.3,12.61,0.43,0.62,6,10,0,-8.68499,28.60339,0
25.519999999999982,307.71,282.19,1.67,0.39,0.36,6,10,1,60.23766,-121.95601,0
34.579999999999984,337.71,303.13,3.36,0.39,0.44,6,10,0,-17.90352,46.07595,0
36.39999999999998,342.87,306.47,6.6,0.55,0.43,6,12,0,-9.72227,18.13588,0
63.22000000000003,367.0,303.78,12.67,0.45,0.63,6,12,0,-13.80246,25.16268,0
30.02000000000004,333.23,303.21,5.0,0.46,0.39,6,11,0,-6.00932,28.47929,0
28.370000000000005,325.35,296.98,1.97,0.41,0.37,6,11,0,-26.38983,28.31018,0
22.189999999999998,311.53,289.34,3.27,0.5,0.66,6,5,1,-6.57284,-51.10826,0
36.64000000000004,338.54,301.9,9.57,0.45,0.39,6,11,0,-5.67996,28.90388,0
30.319999999999993,325.5,295.18,4.92,0.77,0.77,6,11,0,-11.81014,19.07508,0
33.27000000000004,341.04,307.77,12.44,0.43,0.38,6,12,0,52.47519,4.58566,0
10.139999999999986,302.26,292.12,2.5,0.41,0.37,6,23,1,-6.67199,26.71113,0
29.47999999999996,336.03,306.55,5.54,0.49,0.4,6,11,0,-8.45718,29.64951,0
55.610000000000014,367.0,311.39,16.19,0.41,0.37,6,12,0,-9.70291,15.18577,0
15.329999999999984,305.93,290.6,1.02,0.4,0.37,6,4,1,-22.93415,-45.69373,0
33.099999999999966,333.65,300.55,3.71,0.5,0.41,6,11,0,-8.28847,28.46909,0
35.89999999999998,336.01,300.11,19.25,0.56,0.69,6,10,0,-7.10506,26.59732,0
28.220000000000027,334.86,306.64,3.14,0.39,0.36,6,11,0,-9.41985,25.78934,0
30.0,327.94,297.94,1.62,0.39,0.36,6,11,0,-15.14694,33.21519,0
30.110000000000014,331.7,301.59,3.83,0.34,0.56,6,13,0,-11.86157,16.5806,0
22.55000000000001,310.64,288.09,1.08,0.43,0.46,6,16,1,-15.16922,130.27458,0
11.160000000000025,295.37,284.21,0.54,0.41,0.6,6,20,1,61.951,64.82491,0
18.569999999999993,312.31,293.74,2.17,0.41,0.37,6,23,1,-9.54528,26.00098,0
34.420000000000016,334.8,300.38,4.08,0.45,0.39,6,11,0,-13.07904,24.09735,0
50.56,356.39,305.83,13.89,0.46,0.63,6,11,0,-11.93717,16.19351,0
36.95999999999998,341.43,304.47,10.13,0.5,0.49,6,13,0,-12.52974,14.76406,0
37.0,348.68,311.68,67.93,0.54,0.42,6,11,0,-5.31124,27.28361,0
59.73000000000002,367.0,307.27,8.26,0.34,0.56,6,13,0,-9.58829,15.96558,0
39.26999999999998,328.81,289.54,4.92,0.45,0.39,6,17,0,-33.36687,-60.1367,0
38.710000000000036,335.98,297.27,5.71,0.42,0.45,6,4,0,-13.66958,134.28369,0
44.960000000000036,346.35,301.39,3.31,0.38,0.36,6,4,0,-15.63975,135.50319,0
18.279999999999973,307.08,288.8,1.5,0.42,0.61,6,20,1,39.35288,100.11528,0
11.139999999999986,299.51,288.37,2.43,0.52,0.67,6,16,1,-15.76856,135.83975,0
16.539999999999964,309.96,293.42,2.49,0.55,0.68,6,23,1,32.62504,14.32811,0
32.93000000000001,330.91,297.98,2.73,0.47,0.4,6,11,0,-6.58063,22.19938,0
29.47999999999996,313.08,283.6,1.31,0.36,0.57,6,16,1,-14.39197,133.72029,0
16.920000000000016,300.88,283.96,0.83,0.47,0.48,6,1,1,57.33335,-3.78999,0
10.740000000000009,297.18,286.44,1.02,0.4,0.37,6,16,1,-16.45673,125.4668,0
33.48000000000002,333.19,299.71,3.9,0.41,0.6,6,13,0,-10.29369,17.3957,0
40.80000000000001,345.35,304.55,8.76,0.44,0.39,6,11,0,-8.03876,28.64208,0
28.639999999999986,331.57,302.93,1.18,0.43,0.46,6,16,0,-20.57932,-41.17809,0
28.899999999999977,317.34,288.44,4.88,0.57,0.43,6,9,1,59.52066,-120.8807,0
11.990000000000009,310.24,298.25,2.84,0.35,0.57,6,23,1,34.92213,45.73176,0
40.26000000000005,340.47,300.21,4.23,0.46,0.39,6,11,0,-4.61442,28.48948,0
29.149999999999977,329.51,300.36,5.82,0.36,0.57,6,10,0,-9.02472,29.82219,1
27.47999999999996,331.84,304.36,2.52,0.41,0.37,6,8,0,7.57586,81.39955,1
29.75,311.75,282.0,2.94,0.73,0.76,6,0,1,-8.99553,26.99045,0
41.660000000000025,331.75,290.09,11.03,0.49,0.4,6,6,0,-3.09777,103.68024,0
33.839999999999975,335.88,302.04,3.17,0.35,0.57,6,11,0,-9.65203,23.70686,0
48.339999999999975,350.45,302.11,10.88,0.51,0.66,6,10,0,-6.67617,27.08326,0
24.71999999999997,318.83,294.11,1.28,0.39,0.36,6,17,1,33.92417,130.8374,0
16.689999999999998,350.09,333.4,24.56,0.43,0.46,6,9,0,31.65478,47.79618,1
31.069999999999993,331.79,300.72,2.58,0.44,0.63,6,11,0,-17.13011,45.32293,0
43.039999999999964,339.2,296.16,8.3,0.39,0.36,6,7,0,66.46835,77.1343,0
51.14999999999998,337.19,286.04,5.53,0.58,0.52,6,18,0,-27.49166,-55.69137,0
29.910000000000025,330.1,300.19,6.4,0.47,0.4,6,5,0,31.50107,114.01044,1
40.960000000000036,347.85,306.89,6.76,0.39,0.36,6,11,0,-7.48975,25.25278,0
33.98000000000002,341.24,307.26,6.25,0.53,0.42,6,11,0,-12.43064,22.50455,0
40.58000000000004,344.36,303.78,4.76,0.4,0.37,6,11,0,-15.67808,26.22636,0
26.629999999999995,332.87,306.24,5.2,0.39,0.36,6,11,0,-10.41033,25.4888,1
31.519999999999982,332.07,300.55,4.15,0.41,0.37,6,11,0,-10.87977,24.64462,0
37.19,337.58,300.39,6.18,0.54,0.42,6,4,0,-11.93507,132.82236,0
38.370000000000005,329.88,291.51,3.95,0.4,0.37,6,5,1,9.72938,-63.46245,0
29.170000000000016,329.55,300.38,4.1,0.67,0.74,6,13,0,-15.37947,15.71095,1
18.42999999999995,306.65,288.22,0.95,0.38,0.36,6,9,1,35.59233,-109.14061,0
47.349999999999966,341.84,294.49,8.18,0.6,0.53,6,11,0,12.87179,35.59017,0
30.439999999999998,332.73,302.29,22.4,0.48,0.4,6,11,0,-3.25019,34.71714,0
13.379999999999995,315.55,302.17,1.2,0.4,0.37,6,22,1,31.21778,44.92503,0
33.44,334.34,300.9,4.12,0.45,0.47,6,4,0,-15.36291,135.49254,0
42.60000000000002,350.12,307.52,6.41,0.5,0.49,6,11,0,-9.16109,25.83556,0
13.889999999999986,300.74,286.85,0.25,0.38,0.44,6,22,1,-20.02809,46.13641,0
36.03000000000003,328.1,292.07,1.93,0.38,0.36,6,18,1,39.52782,106.51691,0
41.06999999999999,341.42,300.35,9.56,0.71,0.75,6,13,0,-12.38492,15.12926,0
49.96999999999997,345.08,295.11,8.39,0.43,0.38,6,11,0,-30.69919,28.67907,0
41.69,339.95,298.26,8.54,0.38,0.36,6,11,0,-3.67032,31.06884,0
32.65999999999997,338.03,305.37,3.37,0.33,0.55,6,12,0,-11.83552,22.55436,0
36.68000000000001,347.46,310.78,7.46,0.4,0.37,6,11,0,12.43299,28.99034,0
43.33000000000004,352.66,309.33,27.25,0.53,0.42,6,12,0,-8.96453,17.65557,0
28.769999999999982,367.0,338.23,125.05,0.57,0.43,6,11,0,38.16821,26.88937,0
17.779999999999973,307.78,290.0,1.03,0.55,0.51,6,9,1,34.1564,-118.19425,0
31.439999999999998,332.1,300.66,3.88,0.52,0.41,6,11,0,-7.01838,27.96688,0
41.04000000000002,345.18,304.14,4.71,0.39,0.36,6,11,0,-6.56301,32.64141,0
25.189999999999998,299.33,274.14,0.81,0.45,0.47,6,15,1,-36.62768,145.41397,0
35.65999999999997,344.28,308.62,25.97,0.56,0.43,6,12,0,-10.44469,18.39108,0
39.81999999999999,345.29,305.47,38.49,0.38,0.59,6,13,0,-9.25246,16.63144,0
41.65999999999997,349.02,307.36,86.91,0.54,0.42,6,20,0,55.52523,-105.40349,0
37.75,335.21,297.46,9.46,0.68,0.74,6,10,0,-12.22476,26.42886,0
13.96999999999997,298.82,284.85,0.57,0.38,0.36,6,22,1,60.33132,64.73627,0
38.589999999999975,340.33,301.74,4.3,0.45,0.39,6,11,0,-7.70309,28.77495,0
15.590000000000032,306.29,290.7,11.1,0.54,0.42,6,1,1,51.17756,3.80837,0
64.81,367.0,302.19,13.75,0.45,0.63,6,11,0,-16.68778,23.52117,0
37.410000000000025,329.44,292.03,3.38,0.36,0.57,6,12,0,-31.32221,29.52665,0
32.75999999999999,335.9,303.14,4.75,0.42,0.37,6,11,0,-5.70426,23.34731,0
34.74000000000001,340.76,306.02,7.22,0.53,0.42,6,11,0,-7.35283,27.86356,0
15.370000000000005,300.63,285.26,0.98,0.47,0.4,6,10,1,59.71236,-124.13392,0
45.08000000000004,340.61,295.53,5.04,0.61,0.71,6,13,0,-6.39621,18.98269,0
20.230000000000018,302.25,282.02,1.77,0.42,0.38,6,10,1,59.43292,-121.9455,0
41.30000000000001,343.37,302.07,13.98,0.49,0.48,6,11,0,-15.82673,27.34452,0
43.81999999999999,341.83,298.01,10.03,0.55,0.68,6,5,0,53.40588,129.30594,0
30.04000000000002,335.63,305.59,14.31,0.43,0.38,6,12,0,-12.06281,16.51862,0
29.200000000000045,335.41,306.21,8.99,0.39,0.36,6,11,0,-6.75186,32.75378,1
18.129999999999995,302.9,284.77,24.57,0.47,0.48,6,1,1,57.45366,-3.67025,0
37.49000000000001,336.0,298.51,11.04,0.53,0.5,6,20,0,56.01012,-100.94434,0
37.599999999999966,346.4,308.8,6.05,0.5,0.49,6,13,0,-12.29233,14.70105,0
42.71999999999997,349.33,306.61,2.82,0.39,0.36,6,11,0,52.57346,13.94811,0
32.52999999999997,333.96,301.43,6.15,0.46,0.39,6,18,0,57.14603,-101.32456,0
67.70999999999998,367.0,299.29,8.18,0.39,0.6,6,13,0,-13.93928,18.18225,0
62.43000000000001,367.0,304.57,19.9,0.47,0.64,6,11,0,-11.68878,16.00867,0
38.31999999999999,344.29,305.97,6.45,0.48,0.4,6,4,0,-12.9449,132.11574,0
34.25,367.0,332.75,6.78,0.38,0.36,6,9,0,31.40917,48.65265,1
22.180000000000007,313.26,291.08,1.21,0.39,0.36,6,4,1,-11.84561,-43.79808,0
38.31999999999999,352.13,313.81,22.52,0.4,0.6,6,11,0,-9.30949,16.48184,0
37.56999999999999,333.27,295.7,5.88,0.39,0.36,6,4,0,-13.96994,142.1434,0
30.5,330.6,300.1,3.78,0.56,0.51,6,11,0,-8.96947,18.7378,0
10.669999999999959,301.84,291.17,0.95,0.41,0.37,6,23,1,-7.1746,26.57888,0
36.27000000000004,331.6,295.33,3.09,0.42,0.61,6,0,1,35.35149,5.76141,0
31.71999999999997,330.38,298.66,3.64,0.47,0.4,6,11,0,-6.8769,28.98207,0
14.120000000000005,298.21,284.09,0.7,0.47,0.4,6,22,1,-10.83877,33.41021,0
30.00999999999999,330.25,300.24,5.63,0.58,0.7,6,12,0,-8.67086,25.317,0
28.689999999999998,333.95,305.26,3.4,0.44,0.38,6,12,0,-9.80757,16.23275,1
18.670000000000016,308.7,290.03,1.16,0.53,0.67,6,0,1,37.27174,39.60153,0
32.47000000000003,331.81,299.34,17.76,0.4,0.6,6,12,0,-7.34039,22.53877,0
39.079999999999984,337.99,298.91,5.69,0.53,0.67,6,13,0,-8.52352,18.66064,0
44.360000000000014,343.5,299.14,15.02,0.42,0.45,6,10,0,-6.20302,32.5899,0
39.44,338.34,298.9,7.58,0.46,0.63,6,10,0,-5.62567,27.59808,0
33.93000000000001,328.06,294.13,4.17,0.49,0.65,6,10,0,-10.95252,28.17767,0
40.69999999999999,330.3,289.6,3.11,0.43,0.38,6,10,1,60.20953,-122.0906,0
18.69999999999999,311.03,292.33,1.31,0.45,0.39,6,23,1,-7.21028,27.55614,0
45.96999999999997,351.89,305.92,18.81,0.39,0.36,6,4,0,-11.95115,133.73125,0
39.54000000000002,340.56,301.02,3.34,0.52,0.41,6,11,0,-7.10709,21.59744,0
16.399999999999977,305.87,289.47,3.19,0.55,0.68,6,16,1,-18.00541,124.11259,0
64.02999999999997,367.0,302.97,28.48,0.51,0.66,6,10,0,-10.94873,27.90437,0
16.180000000000007,300.13,283.95,1.21,0.48,0.4,6,9,1,55.6245,-107.50646,0
34.69999999999999,333.53,298.83,2.91,0.43,0.38,6,11,0,-6.07728,23.00213,0
15.019999999999982,305.75,290.73,0.68,0.39,0.36,6,1,1,48.77616,10.70151,0
25.27000000000004,315.17,289.9,2.08,0.37,0.58,6,5,1,-12.62816,-54.23497,0
23.439999999999998,306.2,282.76,1.35,0.39,0.36,6,10,1,60.36975,-122.25446,0
24.890000000000043,314.22,289.33,1.61,0.4,0.37,6,20,1,52.26041,77.04658,0
28.149999999999977,337.06,308.91,8.81,0.55,0.43,6,12,0,-7.47391,17.5337,0
18.19999999999999,306.87,288.67,1.15,0.64,0.72,6,22,1,36.88018,39.05571,0
16.769999999999982,310.7,293.93,3.01,0.34,0.56,6,0,1,26.57985,12.21267,0
62.98000000000002,367.0,304.02,48.32,0.55,0.68,6,13,0,-9.08217,19.01755,0
20.189999999999998,309.52,289.33,1.91,0.46,0.64,6,0,1,37.03533,38.34888,0
55.160000000000025,354.05,298.89,25.63,0.51,0.49,6,0,1,-8.95685,26.42978,0
69.05000000000001,367.0,297.95,7.91,0.58,0.7,6,12,0,-12.10031,26.28914,0
21.839999999999975,300.34,278.5,1.83,0.39,0.44,6,21,1,53.45914,59.03219,0
46.01000000000005,343.72,297.71,9.62,0.44,0.39,6,11,0,-12.58124,30.51699,0
40.870000000000005,339.08,298.21,3.23,0.4,0.37,6,11,0,-10.21083,31.13877,0
36.660000000000025,343.22,306.56,4.17,0.44,0.46,6,11,0,-9.70301,26.83572,0
34.829999999999984,334.9,300.07,6.72,0.55,0.68,6,12,0,-7.09633,24.5245,0
26.170000000000016,330.51,304.34,3.08,0.42,0.38,6,12,0,-12.4193,16.27465,1
35.44,339.19,303.75,2.95,0.39,0.36,6,4,0,-14.27166,129.69479,0
42.72999999999996,346.77,304.04,14.14,0.32,0.54,6,11,0,-8.7894,24.19396,0
14.610000000000014,300.68,286.07,0.84,0.45,0.63,6,22,1,-6.92577,33.53639,0
44.81,343.63,298.82,9.54,0.57,0.69,6,12,0,-7.30727,24.86135,0
32.09000000000003,328.36,296.27,5.07,0.74,0.76,6,11,0,-19.98095,20.69509,0
36.910000000000025,344.41,307.5,5.34,0.4,0.37,6,16,0,-5.64644,-36.59236,0
52.14000000000004,350.1,297.96,12.07,0.65,0.73,6,12,0,-7.53481,25.76444,0
67.66000000000003,367.0,299.34,10.61,0.46,0.63,6,11,0,-9.31125,15.71423,0
43.91999999999996,348.02,304.1,5.44,0.4,0.37,6,11,0,-6.4037,24.1268,0
40.20999999999998,337.09,296.88,6.57,0.39,0.36,6,4,0,-14.36014,142.25699,0
12.509999999999991,302.83,290.32,1.18,0.46,0.39,6,5,1,-11.83888,-72.94666,0
10.859999999999957,308.53,297.67,0.73,0.49,0.4,6,1,1,30.17826,7.68908,0
33.59000000000003,336.6,303.01,6.09,0.56,0.51,6,11,0,-7.64217,18.48427,0
61.64999999999998,367.0,305.35,13.71,0.58,0.52,6,13,0,-9.42268,14.96931,0
31.090000000000032,332.49,301.4,1.98,0.44,0.39,6,11,0,-6.07505,28.21894,0
33.30000000000001,331.22,297.92,17.81,0.4,0.37,6,6,0,67.33685,76.09964,0
30.960000000000036,339.22,308.26,7.82,0.51,0.49,6,5,0,-17.98626,124.09425,0
30.620000000000005,330.88,300.26,1.36,0.39,0.36,6,11,0,-16.03684,33.59212,0
29.57000000000005,322.35,292.78,1.6,0.41,0.37,6,23,1,-9.22282,26.16342,0
19.110000000000014,304.69,285.58,0.75,0.34,0.56,6,0,1,-8.72074,28.18466,0
44.35000000000002,345.66,301.31,17.49,0.59,0.53,6,13,0,-8.12775,14.77874,0
44.56999999999999,326.11,281.54,7.09,0.55,0.43,6,4,1,46.47699,-48.48365,0
19.08000000000004,303.91,284.83,1.77,0.49,0.48,6,9,1,59.71364,-124.05107,0
32.589999999999975,333.82,301.23,2.43,0.35,0.56,6,13,0,-8.20643,15.80925,0
40.54000000000002,345.17,304.63,10.82,0.49,0.48,6,11,0,-17.75601,21.42719,0
30.670000000000016,333.61,302.94,2.75,0.39,0.44,6,4,0,-16.72644,124.19353,0
35.49000000000001,341.33,305.84,3.8,0.42,0.37,6,16,0,-12.20241,-47.24475,0
11.0,304.51,293.51,1.1,0.4,0.37,6,0,1,38.05057,26.86406,0
30.210000000000036,329.98,299.77,4.78,0.48,0.4,6,11,0,-13.35009,23.63102,0
28.44999999999999,317.99,289.54,12.31,0.45,0.39,6,10,1,60.18176,-122.8078,0
11.939999999999998,295.45,283.51,0.62,0.38,0.36,6,23,1,-32.96091,18.04599,0
21.639999999999986,313.65,292.01,3.54,0.39,0.37,6,1,1,51.48893,6.71277,0
15.810000000000002,306.01,290.2,0.98,0.41,0.37,6,23,1,-5.1803,27.0708,0
22.410000000000025,307.1,284.69,1.3,0.43,0.38,6,10,1,59.86871,-122.09646,0
20.94999999999999,302.07,281.12,1.44,0.61,0.71,6,8,1,59.38703,-122.74067,0
10.45999999999998,308.57,298.11,0.66,0.39,0.36,6,23,1,28.72968,32.82061,0
28.149999999999977,312.12,283.97,1.35,0.4,0.37,6,23,1,47.69951,37.55478,0
47.33000000000004,329.92,282.59,7.02,0.54,0.68,6,16,0,-30.6834,-57.95295,0
36.370000000000005,339.81,303.44,19.37,0.55,0.51,6,12,0,-10.70377,21.09836,0
53.31999999999999,354.04,300.72,20.72,0.45,0.47,6,17,0,-11.03273,-56.257,0
11.259999999999991,311.77,300.51,3.32,0.44,0.38,6,22,1,30.3917,49.86906,0
36.47000000000003,319.05,282.58,4.35,0.52,0.5,6,16,1,-18.5044,130.85939,0
29.19999999999999,331.03,301.83,3.88,0.49,0.4,6,12,0,-10.28771,17.26174,1
46.24000000000001,339.38,293.14,9.44,0.45,0.47,6,4,0,-15.28029,135.57127,0
61.50999999999999,352.69,291.18,13.8,0.44,0.63,6,18,0,55.264,-107.49512,0
25.629999999999995,339.19,313.56,4.45,0.39,0.37,6,16,0,-8.2494,-44.95361,1
40.370000000000005,336.65,296.28,3.35,0.39,0.36,6,12,0,-4.4268,11.6784,0
11.230000000000018,300.62,289.39,0.9,0.38,0.59,6,22,1,-9.85533,27.49973,0
29.189999999999998,348.64,319.45,130.13,0.41,0.45,6,12,0,-8.64701,18.65191,0
44.579999999999984,354.88,310.3,17.95,0.42,0.38,6,12,0,-11.80272,16.24044,0
37.120000000000005,336.35,299.23,5.38,0.47,0.47,6,11,0,-9.64179,26.39441,0
28.620000000000005,328.22,299.6,2.78,0.49,0.65,6,11,0,-7.38852,21.14206,0
32.44,328.53,296.09,3.96,0.59,0.53,6,13,0,-7.71252,14.61847,0
12.310000000000002,306.22,293.91,0.73,0.39,0.36,6,0,1,40.05277,18.29427,0
54.150000000000034,354.54,300.39,8.93,0.43,0.62,6,13,0,-10.09678,17.71627,0
42.18000000000001,338.79,296.61,12.52,0.64,0.72,6,13,0,-10.46035,13.93636,0
30.69999999999999,337.36,306.66,5.98,0.42,0.38,6,11,0,-7.33548,34.41286,0
42.39999999999998,335.96,293.56,5.66,0.44,0.62,6,18,0,-11.82482,-57.77314,0
28.389999999999986,337.02,308.63,5.78,0.55,0.43,6,17,0,-11.93324,-57.45229,1
35.870000000000005,337.86,301.99,2.8,0.32,0.55,6,13,0,-12.66143,16.44868,0
11.279999999999973,305.09,293.81,2.55,0.53,0.5,6,2,1,43.44249,4.88141,0
39.44,343.8,304.36,10.42,0.46,0.39,6,12,0,-6.65697,15.81814,0
36.54000000000002,338.82,302.28,3.07,0.42,0.45,6,16,0,-10.15558,-48.87229,0
36.139999999999986,330.63,294.49,5.86,0.54,0.42,6,11,0,-4.2138,27.04306,0
32.98000000000002,334.12,301.14,7.77,0.4,0.37,6,10,0,-12.7204,38.02547,0
31.410000000000025,332.68,301.27,3.37,0.42,0.37,6,11,0,-9.83104,24.23738,0
35.92999999999995,340.09,304.16,5.22,0.48,0.48,6,11,0,-16.80736,21.29682,0
65.74000000000001,367.0,301.26,28.31,0.71,0.75,6,10,0,-10.70577,25.82444,0
21.210000000000036,312.35,291.14,1.15,0.42,0.45,6,5,1,-12.61317,-57.87426,0
44.920000000000016,340.93,296.01,4.45,0.4,0.44,6,11,0,-4.0708,26.24042,0
49.06999999999999,356.07,307.0,58.41,0.49,0.49,6,11,0,-6.98741,19.0925,0
25.110000000000014,331.7,306.59,2.18,0.42,0.38,6,11,0,-7.3081,27.98229,1
30.589999999999975,325.34,294.75,4.29,0.58,0.7,6,12,0,-11.41543,26.05392,0
59.70999999999998,367.0,307.29,9.64,0.41,0.37,6,11,0,-7.66893,23.87013,0
48.89000000000004,353.16,304.27,5.58,0.39,0.36,6,11,0,-8.75031,26.99891,0
28.670000000000016,344.81,316.14,32.85,0.4,0.44,6,20,0,33.78363,-117.30672,1
45.35000000000002,348.17,302.82,10.76,0.47,0.4,6,11,0,-8.29901,29.28857,0
34.829999999999984,334.49,299.66,1.13,0.46,0.47,6,11,0,52.22566,4.83139,0
14.060000000000002,296.38,282.32,0.94,0.54,0.68,6,8,1,56.25948,-114.95196,0
23.29000000000002,305.23,281.94,0.8,0.32,0.55,6,22,1,-8.5721,35.18789,0
33.120000000000005,334.26,301.14,20.22,0.43,0.38,6,11,0,-5.9507,27.79356,0
26.03000000000003,335.61,309.58,2.89,0.38,0.43,6,16,0,-18.56042,-46.51934,1
10.560000000000002,301.5,290.94,1.33,0.48,0.64,6,3,1,32.38949,-8.44921,0
65.92000000000002,367.0,301.08,24.19,0.42,0.61,6,10,0,-8.02519,28.57419,0
35.68000000000001,338.97,303.29,4.85,0.51,0.49,6,12,0,-16.59279,22.14053,0
60.24000000000001,345.18,284.94,11.89,0.61,0.71,6,13,0,-7.44051,19.24423,0
14.96999999999997,301.28,286.31,0.83,0.38,0.59,6,10,1,37.45645,-121.93218,0
33.629999999999995,328.29,294.66,3.34,0.33,0.55,6,4,0,-11.21804,132.33083,0
37.589999999999975,346.25,308.66,17.88,0.52,0.5,6,16,0,-5.72213,-43.79379,0
32.14000000000004,335.47,303.33,3.91,0.43,0.38,6,11,0,-8.42273,23.61277,0
28.420000000000016,334.75,306.33,7.66,0.38,0.36,6,11,0,-7.19186,25.51845,1
30.060000000000002,330.2,300.14,6.88,0.46,0.39,6,11,0,-8.22534,29.14488,0
16.590000000000032,307.74,291.15,0.97,0.4,0.37,6,5,1,9.66932,-63.60198,0
36.56,338.62,302.06,7.83,0.4,0.6,6,12,0,-16.04712,25.02057,0
32.44999999999999,333.89,301.44,3.66,0.43,0.38,6,11,0,-7.12138,23.19753,0
40.21999999999997,324.9,284.68,18.79,0.65,0.73,6,0,1,-5.42954,20.33657,0
65.69999999999999,335.38,269.68,5.63,0.54,0.51,6,11,0,-4.17038,17.86078,0
44.860000000000014,339.69,294.83,6.85,0.52,0.67,6,10,0,-25.07812,30.22064,0
30.410000000000025,340.23,309.82,4.65,0.4,0.37,6,11,0,-6.97825,26.91306,0
49.68000000000001,339.75,290.07,4.01,0.34,0.56,6,16,1,-12.06586,133.79906,0
53.839999999999975,349.02,295.18,6.98,0.37,0.58,6,12,0,-6.64,21.89641,0
29.890000000000043,332.35,302.46,3.26,0.35,0.56,6,11,0,-8.29132,23.56531,1
50.10999999999996,354.83,304.72,4.82,0.44,0.39,6,11,0,52.27194,10.70689,0
63.610000000000014,367.0,303.39,12.08,0.45,0.63,6,21,1,32.17903,47.52055,0
36.19,325.44,289.25,3.61,0.46,0.47,6,0,1,-9.55678,25.631,0
72.27999999999997,367.0,294.72,20.36,0.71,0.75,6,11,0,-5.75874,18.41387,0
39.34000000000003,342.62,303.28,6.04,0.45,0.47,6,13,0,-13.81018,14.37689,0
29.02000000000004,328.36,299.34,2.05,0.44,0.38,6,6,0,4.5617,96.64917,0
26.560000000000002,335.64,309.08,3.66,0.38,0.36,6,11,0,-9.16008,26.18371,1
46.31,337.54,291.23,3.88,0.45,0.39,6,0,1,-4.51948,11.41862,0
14.259999999999991,309.42,295.16,1.26,0.52,0.5,6,1,1,31.63029,5.98721,0
44.79000000000002,342.56,297.77,5.66,0.56,0.69,6,10,0,27.16683,56.05987,0
13.350000000000023,303.94,290.59,0.54,0.4,0.6,6,17,1,34.44956,118.49904,0
36.60000000000002,330.44,293.84,2.43,0.42,0.37,6,5,0,4.09265,113.89303,0
36.24000000000001,341.05,304.81,13.31,0.52,0.41,6,11,0,-8.30274,21.8768,0
45.27999999999997,346.44,301.16,5.2,0.33,0.55,6,13,0,-7.43381,15.2222,0
47.69999999999999,342.89,295.19,4.99,0.35,0.57,6,17,0,-1.76658,-55.6155,0
30.589999999999975,318.58,287.99,1.57,0.4,0.44,6,17,1,-18.00116,122.90559,0
15.319999999999993,316.98,301.66,2.32,0.39,0.44,6,22,1,31.03904,47.28445,0
54.25999999999999,348.13,293.87,7.74,0.57,0.69,6,22,1,37.18647,39.97242,0
31.470000000000027,337.42,305.95,3.68,0.39,0.36,6,11,0,-9.48422,25.45094,0
29.870000000000005,317.14,287.27,3.2,0.45,0.47,6,8,1,55.93663,-105.1646,0
36.31999999999999,337.19,300.87,6.39,0.49,0.4,6,4,0,-12.17729,131.05374,0
45.47999999999996,342.28,296.8,5.7,0.4,0.37,6,16,1,34.71182,134.82381,0
29.870000000000005,332.91,303.04,3.33,0.39,0.36,6,9,0,29.32855,49.4948,1
27.279999999999973,319.21,291.93,2.82,0.53,0.67,6,0,1,27.92686,9.25095,0
40.25,345.62,305.37,11.17,0.39,0.36,6,11,0,-7.17775,33.05665,0
38.69,352.17,313.48,9.88,0.38,0.36,6,11,0,-7.17443,25.54417,0
50.75,353.31,302.56,10.27,0.48,0.65,6,11,0,37.48273,13.44857,0
20.44999999999999,318.74,298.29,3.74,0.41,0.37,6,22,1,26.78339,49.95148,0
30.70999999999998,337.94,307.23,19.03,0.43,0.38,6,12,0,-11.63773,16.37666,0
32.85000000000002,327.05,294.2,11.12,0.71,0.75,6,11,0,-7.53386,18.75221,0
28.69999999999999,330.83,302.13,4.59,0.51,0.66,6,13,0,47.63957,2.01569,1
42.329999999999984,339.03,296.7,12.29,0.73,0.76,6,12,0,-6.13446,26.16319,0
18.97999999999996,309.84,290.86,1.07,0.32,0.54,6,0,1,-10.38436,27.52177,0
26.399999999999977,330.31,303.91,3.97,0.51,0.49,6,11,0,-10.32531,25.96924,1
39.99000000000001,355.18,315.19,16.26,0.41,0.45,6,10,0,11.26239,41.48517,0
26.769999999999982,315.52,288.75,3.58,0.65,0.73,6,0,1,-7.12278,26.61236,0
10.95999999999998,297.26,286.3,0.73,0.52,0.67,6,16,1,-15.85279,135.81519,0
15.330000000000041,303.61,288.28,0.6,0.5,0.49,6,16,1,-11.5813,131.27573,0
15.240000000000009,313.12,297.88,3.46,0.73,0.76,6,23,1,30.88863,49.60856,0
14.319999999999993,306.67,292.35,0.79,0.53,0.5,6,1,1,46.22994,13.07149,0
37.56999999999999,343.68,306.11,26.6,0.6,0.53,6,11,0,-11.40973,25.04865,0
47.639999999999986,352.75,305.11,11.21,0.53,0.42,6,11,0,-6.92459,27.73733,0
43.47000000000003,342.75,299.28,6.03,0.36,0.57,6,13,0,-7.88862,15.90662,0
41.129999999999995,348.34,307.21,17.8,0.4,0.44,6,11,0,-7.436,27.02536,0
16.860000000000014,299.36,282.5,1.09,0.46,0.47,6,16,1,-13.36534,131.03581,0
49.00999999999999,349.83,300.82,11.59,0.68,0.74,6,10,0,-11.01871,26.15893,0
58.299999999999955,353.53,295.23,7.02,0.38,0.59,6,12,0,-25.57865,27.82284,0
51.28000000000003,354.8,303.52,11.74,0.4,0.37,6,12,0,-11.97074,15.42808,0
29.039999999999964,325.28,296.24,7.3,0.59,0.7,6,12,0,-11.4535,26.15921,1
48.639999999999986,354.78,306.14,26.85,0.43,0.38,6,11,0,-15.90082,25.17889,0
46.50999999999999,344.73,298.22,2.15,0.32,0.55,6,11,0,-22.08148,44.67666,0
31.720000000000027,343.05,311.33,9.21,0.6,0.53,6,13,0,-9.64926,15.2031,0
37.579999999999984,332.21,294.63,16.76,0.35,0.57,6,11,0,-6.75356,16.8362,0
43.420000000000016,338.85,295.43,20.77,0.39,0.44,6,11,0,45.25937,31.67219,0
41.5,332.37,290.87,6.26,0.68,0.74,6,20,0,56.25994,-90.08917,0
30.120000000000005,331.56,301.44,6.29,0.45,0.47,6,12,0,-16.97086,21.47121,0
33.910000000000025,318.16,284.25,1.69,0.6,0.7,6,0,1,-14.75677,24.63895,0
28.909999999999968,331.82,302.91,3.47,0.41,0.37,6,11,0,-8.07492,27.54296,1
41.20999999999998,334.34,293.13,5.44,0.36,0.57,6,10,0,-2.85097,28.48843,0
13.29000000000002,305.49,292.2,2.64,0.59,0.7,6,23,1,35.52242,44.34279,0
17.600000000000023,308.05,290.45,1.16,0.41,0.6,6,0,1,35.86987,6.02606,0
13.45999999999998,297.51,284.05,0.89,0.32,0.55,6,8,1,37.59868,-112.3102,0
34.24000000000001,346.17,311.93,9.29,0.53,0.42,6,11,0,41.06868,14.07698,0
35.19,310.02,274.83,1.49,0.39,0.36,6,15,1,-32.8201,146.43352,0
53.44999999999999,346.01,292.56,10.39,0.45,0.63,6,18,0,55.28582,-107.64884,0
31.120000000000005,314.45,283.33,2.09,0.42,0.45,6,9,1,60.20594,-121.94952,0
29.019999999999982,331.53,302.51,1.92,0.4,0.37,6,11,0,-10.82505,24.90194,1
50.56,339.86,289.3,6.89,0.39,0.59,6,4,0,-11.55348,131.23529,0
34.610000000000014,367.0,332.39,58.86,0.39,0.36,6,9,0,33.71961,46.29979,0
47.94,347.8,299.86,19.16,0.38,0.36,6,4,1,-10.80106,-44.24564,0
28.489999999999952,331.53,303.04,2.71,0.39,0.44,6,11,0,-7.73232,20.81883,1
52.28000000000003,353.47,301.19,22.85,0.49,0.65,6,10,0,-4.96011,27.04543,0
32.80000000000001,326.73,293.93,3.81,0.52,0.67,6,10,0,-12.68034,28.1864,0
65.38,367.0,301.62,8.81,0.44,0.63,6,12,0,-11.33659,24.30471,0
44.97000000000003,352.98,308.01,6.66,0.4,0.37,6,11,0,-8.85256,24.77862,0
10.220000000000027,298.8,288.58,0.83,0.53,0.67,6,16,1,-16.77504,124.74393,0
25.720000000000027,312.11,286.39,1.36,0.45,0.39,6,2,1,57.33648,-3.7905,0
13.689999999999998,297.45,283.76,1.39,0.61,0.71,6,16,1,52.31688,123.31113,0
19.730000000000018,303.99,284.26,1.06,0.41,0.37,6,10,1,59.31042,-120.43879,0
39.120000000000005,342.39,303.27,5.94,0.5,0.49,6,16,0,-6.67142,-43.92554,0
29.620000000000005,337.01,307.39,4.56,0.47,0.39,6,11,0,-8.38132,29.12202,0
49.22000000000003,344.22,295.0,5.9,0.44,0.38,6,10,1,59.4128,-122.71428,0
45.06,341.46,296.4,9.37,0.59,0.7,6,12,0,-10.44137,25.86711,0
33.879999999999995,342.59,308.71,5.69,0.43,0.38,6,11,0,-5.90348,27.90495,0
33.889999999999986,347.78,313.89,12.79,0.57,0.43,6,11,0,-17.28269,22.9916,0
41.94,345.55,303.61,5.48,0.39,0.59,6,4,0,-15.61708,125.72996,0
39.20999999999998,336.78,297.57,37.73,0.54,0.68,6,10,0,-6.59012,26.75533,0
46.670000000000016,347.13,300.46,10.45,0.39,0.36,6,4,0,-11.80213,133.87941,0
32.23000000000002,330.23,298.0,4.54,0.43,0.38,6,11,0,-12.17275,29.25944,0
38.76000000000005,349.91,311.15,7.54,0.39,0.36,6,11,0,-9.6915,25.76444,0
30.840000000000032,330.6,299.76,6.93,0.49,0.65,6,10,0,-8.61882,27.79588,0
12.509999999999991,302.15,289.64,1.05,0.61,0.54,6,23,1,36.72718,39.48267,0
60.45999999999998,351.77,291.31,41.12,0.61,0.71,6,10,0,-5.51396,25.75505,0
62.5,367.0,304.5,10.83,0.4,0.6,6,13,0,-8.57236,16.79543,0
36.09000000000003,313.6,277.51,2.67,0.37,0.58,6,23,1,-5.07684,16.13629,0
29.180000000000007,325.44,296.26,6.73,0.41,0.37,6,11,0,-25.50264,28.16862,0
28.149999999999977,330.94,302.79,3.54,0.52,0.41,6,11,0,-7.06004,27.94897,1
16.05000000000001,304.7,288.65,1.59,0.66,0.73,6,15,1,-14.15973,130.42259,0
29.739999999999952,331.84,302.1,1.93,0.44,0.38,6,4,0,-13.64425,132.40834,1
34.71999999999997,336.19,301.47,4.14,0.47,0.4,6,11,0,-7.32456,22.42278,0
51.23000000000002,344.55,293.32,6.89,0.48,0.65,6,12,0,-28.25291,30.46771,0
52.900000000000034,352.29,299.39,9.41,0.66,0.73,6,13,0,-11.27227,14.38882,0
26.829999999999984,314.25,287.42,1.98,0.44,0.62,6,9,1,35.5703,-109.15204,0
11.390000000000043,301.42,290.03,0.68,0.4,0.37,6,18,1,39.21764,110.58509,0
40.079999999999984,335.59,295.51,4.47,0.55,0.51,6,4,0,-11.95084,133.51643,0
15.409999999999968,305.45,290.04,1.9,0.45,0.47,6,17,1,-20.59589,116.77634,0
29.279999999999973,336.44,307.16,8.9,0.47,0.4,6,4,0,-15.5091,125.68211,1
27.129999999999995,330.45,303.32,11.52,0.52,0.41,6,21,0,66.33494,-130.17815,1
43.75,336.39,292.64,4.33,0.77,0.77,6,13,0,-6.13856,20.53897,0
29.039999999999964,330.9,301.86,3.94,0.49,0.41,6,8,0,53.46999,58.98224,0
35.079999999999984,330.01,294.93,3.96,0.51,0.66,6,10,0,-12.78843,28.27295,0
49.94999999999999,350.33,300.38,7.8,0.41,0.45,6,11,0,-4.87239,26.21516,0
38.22000000000003,343.56,305.34,18.65,0.52,0.41,6,12,0,-13.45889,18.50917,0
63.26999999999998,367.0,303.73,25.53,0.52,0.66,6,11,0,-11.247,21.57588,0
39.70999999999998,345.58,305.87,50.78,0.63,0.54,6,11,0,-13.06884,18.8304,0
49.01999999999998,354.39,305.37,39.66,0.44,0.46,6,10,0,-6.25126,32.34946,0
31.510000000000048,340.54,309.03,3.29,0.4,0.37,6,11,0,-6.90613,26.9897,0
63.079999999999984,355.81,292.73,20.44,0.48,0.48,6,11,0,-4.55743,25.05835,0
25.03000000000003,329.61,304.58,7.16,0.5,0.49,6,12,0,-12.39187,20.93494,1
49.19999999999999,349.99,300.79,12.42,0.41,0.45,6,11,0,-10.76716,27.4939,0
40.27000000000004,346.86,306.59,6.64,0.41,0.37,6,11,0,-7.32779,27.66019,0
13.21999999999997,295.96,282.74,0.68,0.39,0.36,6,10,1,59.41956,-122.69148,0
15.470000000000027,305.74,290.27,0.96,0.41,0.37,6,23,1,-7.11359,26.68627,0
45.210000000000036,354.05,308.84,13.41,0.41,0.37,6,12,0,-9.99644,15.32763,0
14.769999999999982,301.37,286.6,1.28,0.45,0.47,6,0,1,-8.70942,25.62272,0
48.19,347.74,299.55,8.39,0.39,0.36,6,4,0,-11.79222,133.8998,0
31.589999999999975,339.0,307.41,5.64,0.41,0.37,6,11,0,-7.37581,27.64468,0
43.60000000000002,339.86,296.26,8.01,0.41,0.45,6,4,0,-11.94956,133.74071,0
41.85000000000002,344.47,302.62,5.37,0.37,0.58,6,12,0,-7.31029,22.0808,0
31.059999999999945,331.03,299.97,1.85,0.39,0.6,6,11,0,-10.06535,23.06514,0
26.439999999999998,331.7,305.26,5.45,0.5,0.41,6,11,0,-8.8075,22.2048,1
29.560000000000002,334.84,305.28,3.02,0.39,0.36,6,4,0,-15.6052,136.29549,0
28.95999999999998,335.96,307.0,3.22,0.39,0.37,6,11,0,-9.15339,27.32772,0
46.35000000000002,346.61,300.26,10.07,0.61,0.71,6,13,0,-6.98856,19.2007,0
34.94,332.46,297.52,5.08,0.48,0.48,6,11,0,-11.26427,33.08314,0
25.399999999999977,331.34,305.94,12.59,0.52,0.5,6,16,0,-7.64614,-44.66213,1
38.379999999999995,338.62,300.24,8.17,0.53,0.67,6,10,0,-6.75921,26.93692,0
17.33000000000004,300.11,282.78,0.93,0.59,0.52,6,16,1,-8.72936,118.22493,0
59.360000000000014,367.0,307.64,81.68,0.41,0.37,6,11,0,-7.65951,24.02799,0
46.27000000000004,324.79,278.52,3.24,0.41,0.6,6,22,1,-1.40094,29.18948,0
29.41999999999996,328.14,298.72,2.98,0.4,0.37,6,11,0,-25.1377,31.72673,1
25.700000000000045,308.54,282.84,3.52,0.74,0.76,6,0,1,-8.74865,27.09593,0
37.389999999999986,340.88,303.49,24.97,0.41,0.45,6,12,0,-7.29797,18.36597,0
42.639999999999986,341.25,298.61,8.47,0.54,0.42,6,11,0,-4.92986,27.19128,0
48.889999999999986,347.15,298.26,5.0,0.35,0.57,6,12,0,-6.6248,21.67003,0
32.35000000000002,338.23,305.88,4.6,0.43,0.38,6,11,0,-7.39442,34.6128,0
32.35000000000002,333.54,301.19,7.3,0.57,0.52,6,13,0,-10.75617,15.1906,0
27.460000000000036,334.92,307.46,8.91,0.57,0.43,6,16,0,-17.39433,-46.6454,0
29.869999999999948,330.34,300.47,4.31,0.45,0.39,6,11,0,-11.1586,23.62811,1
27.099999999999966,327.14,300.04,11.04,0.71,0.75,6,10,0,-10.72647,25.82661,1
25.150000000000034,333.8,308.65,3.35,0.39,0.36,6,11,0,-6.87197,31.34584,1
35.43000000000001,336.25,300.82,4.6,0.5,0.41,6,11,0,-7.71227,28.40926,0
25.819999999999993,327.17,301.35,3.48,0.34,0.56,6,21,0,59.67192,-124.03913,1
19.49000000000001,313.52,294.03,1.49,0.55,0.68,6,0,1,27.40719,8.83881,0
13.189999999999998,299.31,286.12,0.56,0.49,0.65,6,22,1,-7.10342,26.61758,0
12.060000000000002,300.16,288.1,0.62,0.77,0.78,6,0,1,-7.76868,27.63665,0
49.70999999999998,348.83,299.12,6.74,0.41,0.45,6,4,0,-11.99215,133.69035,0
31.25,330.73,299.48,5.14,0.49,0.49,6,11,0,-11.77401,26.45049,0
27.870000000000005,342.35,314.48,78.14,0.54,0.42,6,12,0,-9.71618,17.92886,1
30.53000000000003,325.04,294.51,9.84,0.68,0.74,6,12,0,-11.21918,27.11075,0
27.810000000000002,315.37,287.56,1.73,0.4,0.44,6,5,1,-14.5075,-58.64726,0
31.379999999999995,318.68,287.3,5.16,0.49,0.65,6,8,1,55.27666,-107.54551,0
34.700000000000045,326.47,291.77,2.18,0.39,0.36,6,11,0,-26.186,30.95258,0
26.70999999999998,316.5,289.79,0.96,0.41,0.37,6,15,1,-15.48469,141.78181,0
37.34000000000003,341.48,304.14,6.5,0.4,0.44,6,12,0,-7.19968,18.02835,0
39.80000000000001,347.12,307.32,30.19,0.57,0.43,6,11,0,-6.27303,27.02932,0
53.889999999999986,340.44,286.55,8.96,0.76,0.77,6,16,0,-28.67347,-60.66993,0
65.75,367.0,301.25,20.37,0.68,0.74,6,12,0,-8.85344,26.45546,0
41.24000000000001,367.0,325.76,105.95,0.48,0.4,6,8,0,38.0538,67.26808,1
37.870000000000005,345.14,307.27,10.34,0.4,0.37,6,12,0,-10.9815,15.206,0
29.860000000000014,333.12,303.26,9.55,0.44,0.39,6,12,0,-7.72766,15.81356,0
37.910000000000025,338.72,300.81,7.16,0.38,0.59,6,12,0,-7.75794,22.45248,0
67.94,367.0,299.06,20.9,0.64,0.72,6,10,0,-7.85203,25.95658,0
29.0,336.87,307.87,73.63,0.4,0.37,6,11,0,-7.09327,26.91655,1
35.32000000000005,331.97,296.65,7.28,0.41,0.61,6,11,0,-3.28631,34.60095,0
31.149999999999977,310.53,279.38,0.95,0.5,0.66,6,14,1,-23.30273,148.3306,0
46.79000000000002,334.69,287.9,2.23,0.43,0.38,6,10,1,56.20784,-115.00236,0
29.5,328.65,299.15,10.53,0.47,0.48,6,4,0,-5.92145,145.77235,1
25.75999999999999,316.59,290.83,1.62,0.4,0.44,6,5,1,-10.13053,-57.7748,0
40.339999999999975,349.25,308.91,24.46,0.56,0.51,6,13,0,-12.05783,15.40156,0
29.28000000000003,331.11,301.83,2.63,0.35,0.57,6,11,0,-7.98936,23.43738,0
33.28000000000003,335.81,302.53,6.54,0.57,0.43,6,11,0,-4.79489,29.96555,0
66.27999999999997,356.28,290.0,9.19,0.58,0.69,6,10,0,-12.73161,40.23265,1
39.21999999999997,340.13,300.91,7.55,0.43,0.38,6,11,0,-10.28294,23.99483,0
32.77000000000004,332.98,300.21,5.74,0.39,0.36,6,11,0,-9.58069,26.69468,0
43.54000000000002,335.47,291.93,7.79,0.32,0.55,6,13,0,-5.63997,14.75348,0
52.870000000000005,355.5,302.63,27.77,0.42,0.61,6,11,0,-9.17342,22.50388,0
17.810000000000002,300.98,283.17,2.56,0.53,0.67,6,8,1,56.31837,-114.81589,0
29.609999999999957,334.08,304.47,1.81,0.47,0.4,6,10,0,-13.18169,49.03711,1
14.510000000000048,301.85,287.34,1.63,0.32,0.54,6,0,1,-8.20527,27.96369,0
39.97000000000003,335.0,295.03,9.06,0.5,0.49,6,18,0,56.02725,-100.88349,0
41.410000000000025,327.81,286.4,6.62,0.47,0.4,6,0,1,52.84834,29.98965,0
30.80000000000001,335.43,304.63,2.78,0.38,0.36,6,11,0,-9.20801,26.18039,0
43.900000000000034,341.6,297.7,56.65,0.68,0.74,6,10,0,-7.358,25.42687,0
17.599999999999966,302.15,284.55,0.36,0.36,0.58,6,22,1,-8.21712,34.53349,0
26.460000000000036,311.41,284.95,1.62,0.41,0.37,6,1,1,53.13554,8.69503,0
26.859999999999957,327.09,300.23,7.49,0.59,0.7,6,11,0,-12.4191,20.92387,0
35.25999999999999,340.62,305.36,20.55,0.5,0.41,6,12,0,-9.72631,17.32265,0
31.620000000000005,332.05,300.43,5.73,0.34,0.56,6,13,0,-9.17357,15.84749,0
29.340000000000032,335.12,305.78,2.5,0.4,0.44,6,10,0,-16.70953,45.95513,1
72.25999999999999,355.68,283.42,16.32,0.72,0.76,6,9,0,71.25237,72.07783,1
54.97000000000003,332.87,277.9,2.36,0.33,0.55,6,11,0,-4.99227,16.7973,0
36.56999999999999,344.93,308.36,16.63,0.46,0.39,6,4,0,-14.11907,131.99489,0
42.21999999999997,339.69,297.47,3.86,0.39,0.44,6,18,0,46.31666,-97.26334,0
38.48000000000002,338.68,300.2,9.88,0.41,0.61,6,5,0,-14.5107,126.3056,0
39.110000000000014,337.29,298.18,3.55,0.39,0.59,6,4,0,-13.5328,131.68491,0
34.620000000000005,339.93,305.31,2.43,0.41,0.37,6,11,0,-7.48265,27.69988,0
29.180000000000007,335.8,306.62,6.09,0.39,0.36,6,11,0,-10.70316,27.05234,0
36.110000000000014,341.63,305.52,6.2,0.44,0.39,6,11,0,-9.7741,23.52436,0
12.420000000000016,302.42,290.0,1.8,0.6,0.53,6,0,1,-7.77097,27.63628,0
31.389999999999986,335.32,303.93,9.93,0.57,0.43,6,12,0,-5.68124,17.37162,0
31.049999999999955,330.77,299.72,5.74,0.63,0.72,6,12,0,-8.74574,25.92135,0
35.20999999999998,334.01,298.8,4.85,0.37,0.58,6,12,0,-7.63927,22.14156,0
40.48000000000002,345.8,305.32,5.41,0.39,0.36,6,14,0,13.25288,-15.92769,0
42.829999999999984,347.63,304.8,13.38,0.56,0.52,6,11,0,-8.8671,25.00354,0
34.339999999999975,336.57,302.23,9.33,0.44,0.38,6,4,0,-13.28227,132.22784,0
29.529999999999973,331.39,301.86,7.02,0.67,0.73,6,13,0,-11.94111,14.65406,1
25.900000000000034,308.24,282.34,1.36,0.36,0.58,6,22,1,-26.02958,29.17547,0
27.91999999999996,331.71,303.79,0.85,0.33,0.55,6,11,0,-7.34903,17.36349,1
29.850000000000023,331.41,301.56,4.59,0.45,0.39,6,4,0,-12.36572,131.92787,1
39.44999999999999,344.34,304.89,6.43,0.45,0.39,6,10,0,-3.16845,34.45706,0
11.610000000000014,298.41,286.8,3.03,0.72,0.75,6,22,1,-7.38742,24.02173,0
30.52000000000004,335.86,305.34,4.47,0.4,0.37,6,11,0,-6.60961,26.79925,0
38.860000000000014,336.44,297.58,3.34,0.4,0.6,6,11,0,-11.7099,23.25942,0
16.150000000000034,301.36,285.21,0.91,0.37,0.58,6,23,1,-3.27944,34.61232,0
14.850000000000023,296.56,281.71,2.29,0.65,0.73,6,22,1,51.26381,75.6663,0
61.549999999999955,356.28,294.73,49.72,0.73,0.76,6,11,0,-6.86833,18.42116,0
30.060000000000002,331.88,301.82,6.66,0.42,0.45,6,17,0,20.23573,-75.27061,0
29.329999999999984,336.56,307.23,7.72,0.48,0.4,6,12,0,-9.3889,16.92818,0
42.170000000000016,340.12,297.95,32.55,0.37,0.58,6,11,0,-7.24658,22.97398,0
38.04000000000002,344.72,306.68,3.92,0.4,0.44,6,11,0,-8.6688,27.21991,0
28.900000000000034,332.18,303.28,2.72,0.39,0.44,6,12,0,-5.45466,17.45562,0
29.930000000000007,334.24,304.31,1.57,0.39,0.36,6,12,0,-12.37951,15.01126,1
30.069999999999993,329.09,299.02,4.29,0.45,0.63,6,11,0,-9.72381,15.81483,0
51.170000000000016,344.41,293.24,9.4,0.48,0.48,6,7,0,30.00609,72.80887,0
34.40999999999997,336.64,302.23,4.12,0.39,0.36,6,20,0,56.20094,-114.99298,0
32.299999999999955,341.02,308.72,5.36,0.41,0.45,6,11,0,-9.22713,20.86203,0
48.620000000000005,341.23,292.61,7.83,0.6,0.71,6,12,0,-5.55464,24.73268,0
31.08000000000004,336.61,305.53,64.42,0.41,0.37,6,11,0,-7.42882,27.4186,0
40.68000000000001,341.68,301.0,21.2,0.6,0.53,6,11,0,-8.71698,18.24249,0
42.19,326.1,283.91,2.68,0.4,0.6,6,18,0,-29.26243,-59.05209,0
43.94,336.39,292.45,3.31,0.44,0.38,6,10,1,59.71202,-122.72603,0
47.24000000000001,345.44,298.2,4.48,0.42,0.38,6,10,1,59.84156,-121.84673,0
66.07,367.0,300.93,13.78,0.57,0.69,6,11,0,-9.2449,20.53931,0
31.07000000000005,311.85,280.78,1.6,0.58,0.7,6,8,1,59.86255,-122.10083,0
68.22000000000003,367.0,298.78,15.8,0.49,0.65,6,13,0,-5.4605,17.28778,0
44.960000000000036,342.29,297.33,19.36,0.53,0.5,6,11,0,-12.23265,26.10089,0
11.400000000000034,299.23,287.83,0.73,0.44,0.62,6,0,1,-16.2253,28.38715,0
30.149999999999977,329.37,299.22,3.16,0.42,0.38,6,12,0,-6.71765,15.04158,0
30.28000000000003,334.85,304.57,4.19,0.52,0.41,6,11,0,-7.60117,28.05398,0
33.910000000000025,335.5,301.59,5.88,0.39,0.36,6,4,0,-12.05095,133.59167,0
44.75999999999999,343.3,298.54,10.28,0.5,0.66,6,11,0,-13.35955,22.18044,0
32.49000000000001,329.3,296.81,8.05,0.47,0.64,6,10,0,-5.03942,27.25153,0
41.120000000000005,341.45,300.33,3.67,0.38,0.59,6,11,0,-10.78314,23.4878,0
31.100000000000023,332.73,301.63,3.63,0.44,0.62,6,11,0,-11.21928,22.60612,0
15.009999999999991,302.68,287.67,0.98,0.53,0.5,6,10,1,43.14818,-115.66528,0
36.95999999999998,339.5,302.54,10.71,0.34,0.56,6,11,0,-9.1058,17.52707,0
51.52999999999997,347.27,295.74,5.79,0.4,0.6,6,10,0,-6.78652,28.66534,0
55.879999999999995,351.63,295.75,19.17,0.7,0.75,6,10,0,-10.56955,25.90606,0
33.01999999999998,333.25,300.23,3.64,0.36,0.58,6,13,0,-9.92906,16.58048,0
32.660000000000025,332.41,299.75,8.98,0.59,0.53,6,5,0,-16.77834,124.71941,0
39.420000000000016,333.56,294.14,3.3,0.6,0.71,6,13,0,-5.4898,18.69769,0
40.170000000000016,342.11,301.94,6.99,0.44,0.62,6,11,0,-20.9398,46.47155,0
27.75999999999999,332.87,305.11,8.06,0.54,0.42,6,10,0,-7.16472,33.96268,1
46.370000000000005,346.44,300.07,12.42,0.65,0.73,6,12,0,-8.45154,26.01681,0
46.44999999999999,352.51,306.06,24.68,0.41,0.37,6,12,0,-7.2056,14.86158,0
40.33000000000004,340.41,300.08,14.36,0.53,0.67,6,10,0,-7.32232,26.93968,0
40.93000000000001,344.75,303.82,12.29,0.49,0.4,6,11,0,-7.20593,22.08559,0
45.129999999999995,337.48,292.35,1.48,0.44,0.46,6,16,0,-3.95336,-44.33701,0
11.819999999999993,298.87,287.05,1.7,0.59,0.7,6,17,1,-16.66504,123.91241,0
16.110000000000014,297.89,281.78,1.96,0.43,0.38,6,10,1,59.92002,-121.92102,0
38.19,348.88,310.69,35.9,0.38,0.59,6,10,0,-7.25996,28.99946,0
41.74000000000001,339.95,298.21,6.76,0.49,0.65,6,12,0,-12.19321,25.18409,0
44.589999999999975,342.77,298.18,20.91,0.34,0.56,6,11,0,-7.34377,34.38657,0
31.100000000000023,329.25,298.15,3.19,0.35,0.57,6,11,0,-10.73572,23.95941,0
27.79000000000002,333.3,305.51,9.18,0.51,0.41,6,11,0,-11.95854,22.73853,0
49.5,341.39,291.89,4.19,0.41,0.45,6,3,0,-9.70642,147.73663,0
49.06999999999999,354.57,305.5,7.75,0.42,0.61,6,12,0,-10.25011,23.60402,0
49.55000000000001,331.38,281.83,6.34,0.66,0.73,6,0,1,-9.36835,32.30521,0
30.289999999999964,324.45,294.16,2.57,0.53,0.42,6,17,1,30.98578,117.79242,0
44.059999999999945,341.53,297.47,5.54,0.56,0.43,6,8,0,30.6011,72.92776,0
31.829999999999984,332.09,300.26,4.99,0.48,0.4,6,11,0,-5.6622,28.7839,0
13.54000000000002,308.8,295.26,3.46,0.53,0.5,6,23,1,38.42677,27.21384,0
65.5,367.0,301.5,24.39,0.67,0.74,6,10,0,-9.11534,25.89349,0
43.5,347.58,304.08,5.2,0.43,0.38,6,4,0,-12.85494,130.97743,0
38.94,346.07,307.13,11.64,0.43,0.38,6,11,0,-5.54268,27.67131,0
26.220000000000027,314.47,288.25,2.06,0.46,0.63,6,5,1,-9.2353,-58.74831,0
29.52000000000004,333.85,304.33,6.28,0.6,0.53,6,12,0,-12.5937,22.1836,0
15.640000000000043,300.85,285.21,0.86,0.47,0.64,6,0,1,-10.67954,23.84944,0
21.689999999999998,316.14,294.45,2.97,0.65,0.73,6,0,1,41.80925,9.28253,0
43.660000000000025,342.66,299.0,8.94,0.4,0.37,6,7,0,62.3541,75.84009,0
64.61000000000001,367.0,302.39,15.53,0.34,0.56,6,12,0,-11.82158,22.71477,0
